The system is: Darwin - 17.7.0 - x86_64
Compiling the C compiler identification source file "CMakeCCompilerId.c" succeeded.
Compiler: /Library/Developer/CommandLineTools/usr/bin/cc 
Build flags: 
Id flags:  

The output was:
0


Compilation of the C compiler identification source "CMakeCCompilerId.c" produced "a.out"

The C compiler identification is AppleClang, found in "/Users/stepanjakl/CLionProjects/aerofyt-clion-platformio-project/cmake-build-debug/CMakeFiles/3.13.3/CompilerIdC/a.out"

Compiling the CXX compiler identification source file "CMakeCXXCompilerId.cpp" succeeded.
Compiler: /Library/Developer/CommandLineTools/usr/bin/c++ 
Build flags: 
Id flags:  

The output was:
0


Compilation of the CXX compiler identification source "CMakeCXXCompilerId.cpp" produced "a.out"

The CXX compiler identification is AppleClang, found in "/Users/stepanjakl/CLionProjects/aerofyt-clion-platformio-project/cmake-build-debug/CMakeFiles/3.13.3/CompilerIdCXX/a.out"

Determining if the C compiler works passed with the following output:
Change Dir: /Users/stepanjakl/CLionProjects/aerofyt-clion-platformio-project/cmake-build-debug/CMakeFiles/CMakeTmp

Run Build Command:"/usr/bin/make" "cmTC_37f4e/fast"
/Library/Developer/CommandLineTools/usr/bin/make -f CMakeFiles/cmTC_37f4e.dir/build.make CMakeFiles/cmTC_37f4e.dir/build
Building C object CMakeFiles/cmTC_37f4e.dir/testCCompiler.c.o
/Library/Developer/CommandLineTools/usr/bin/cc    -o CMakeFiles/cmTC_37f4e.dir/testCCompiler.c.o   -c /Users/stepanjakl/CLionProjects/aerofyt-clion-platformio-project/cmake-build-debug/CMakeFiles/CMakeTmp/testCCompiler.c
Linking C executable cmTC_37f4e
"/Users/stepanjakl/Library/Application Support/JetBrains/Toolbox/apps/CLion/ch-0/191.4738.15/CLion 2019.1 EAP.app/Contents/bin/cmake/mac/bin/cmake" -E cmake_link_script CMakeFiles/cmTC_37f4e.dir/link.txt --verbose=1
/Library/Developer/CommandLineTools/usr/bin/cc   -Wl,-search_paths_first -Wl,-headerpad_max_install_names   CMakeFiles/cmTC_37f4e.dir/testCCompiler.c.o  -o cmTC_37f4e 


Detecting C compiler ABI info compiled with the following output:
Change Dir: /Users/stepanjakl/CLionProjects/aerofyt-clion-platformio-project/cmake-build-debug/CMakeFiles/CMakeTmp

Run Build Command:"/usr/bin/make" "cmTC_6f50f/fast"
/Library/Developer/CommandLineTools/usr/bin/make -f CMakeFiles/cmTC_6f50f.dir/build.make CMakeFiles/cmTC_6f50f.dir/build
Building C object CMakeFiles/cmTC_6f50f.dir/CMakeCCompilerABI.c.o
/Library/Developer/CommandLineTools/usr/bin/cc    -o CMakeFiles/cmTC_6f50f.dir/CMakeCCompilerABI.c.o   -c "/Users/stepanjakl/Library/Application Support/JetBrains/Toolbox/apps/CLion/ch-0/191.4738.15/CLion 2019.1 EAP.app/Contents/bin/cmake/mac/share/cmake-3.13/Modules/CMakeCCompilerABI.c"
Linking C executable cmTC_6f50f
"/Users/stepanjakl/Library/Application Support/JetBrains/Toolbox/apps/CLion/ch-0/191.4738.15/CLion 2019.1 EAP.app/Contents/bin/cmake/mac/bin/cmake" -E cmake_link_script CMakeFiles/cmTC_6f50f.dir/link.txt --verbose=1
/Library/Developer/CommandLineTools/usr/bin/cc   -Wl,-search_paths_first -Wl,-headerpad_max_install_names  -v -Wl,-v CMakeFiles/cmTC_6f50f.dir/CMakeCCompilerABI.c.o  -o cmTC_6f50f 
Apple LLVM version 10.0.0 (clang-1000.10.44.4)
Target: x86_64-apple-darwin17.7.0
Thread model: posix
InstalledDir: /Library/Developer/CommandLineTools/usr/bin
 "/Library/Developer/CommandLineTools/usr/bin/ld" -demangle -lto_library /Library/Developer/CommandLineTools/usr/lib/libLTO.dylib -dynamic -arch x86_64 -macosx_version_min 10.13.0 -o cmTC_6f50f -search_paths_first -headerpad_max_install_names -v CMakeFiles/cmTC_6f50f.dir/CMakeCCompilerABI.c.o -lSystem /Library/Developer/CommandLineTools/usr/lib/clang/10.0.0/lib/darwin/libclang_rt.osx.a
@(#)PROGRAM:ld  PROJECT:ld64-409.12
BUILD 17:47:51 Sep 25 2018
configured to support archs: armv6 armv7 armv7s arm64 i386 x86_64 x86_64h armv6m armv7k armv7m armv7em
Library search paths:
	/usr/lib
	/usr/local/lib
Framework search paths:
	/Library/Frameworks/
	/System/Library/Frameworks/


Parsed C implicit link information from above output:
  link line regex: [^( *|.*[/\])(ld|CMAKE_LINK_STARTFILE-NOTFOUND|([^/\]+-)?ld|collect2)[^/\]*( |$)]
  ignore line: [Change Dir: /Users/stepanjakl/CLionProjects/aerofyt-clion-platformio-project/cmake-build-debug/CMakeFiles/CMakeTmp]
  ignore line: []
  ignore line: [Run Build Command:"/usr/bin/make" "cmTC_6f50f/fast"]
  ignore line: [/Library/Developer/CommandLineTools/usr/bin/make -f CMakeFiles/cmTC_6f50f.dir/build.make CMakeFiles/cmTC_6f50f.dir/build]
  ignore line: [Building C object CMakeFiles/cmTC_6f50f.dir/CMakeCCompilerABI.c.o]
  ignore line: [/Library/Developer/CommandLineTools/usr/bin/cc    -o CMakeFiles/cmTC_6f50f.dir/CMakeCCompilerABI.c.o   -c "/Users/stepanjakl/Library/Application Support/JetBrains/Toolbox/apps/CLion/ch-0/191.4738.15/CLion 2019.1 EAP.app/Contents/bin/cmake/mac/share/cmake-3.13/Modules/CMakeCCompilerABI.c"]
  ignore line: [Linking C executable cmTC_6f50f]
  ignore line: ["/Users/stepanjakl/Library/Application Support/JetBrains/Toolbox/apps/CLion/ch-0/191.4738.15/CLion 2019.1 EAP.app/Contents/bin/cmake/mac/bin/cmake" -E cmake_link_script CMakeFiles/cmTC_6f50f.dir/link.txt --verbose=1]
  ignore line: [/Library/Developer/CommandLineTools/usr/bin/cc   -Wl,-search_paths_first -Wl,-headerpad_max_install_names  -v -Wl,-v CMakeFiles/cmTC_6f50f.dir/CMakeCCompilerABI.c.o  -o cmTC_6f50f ]
  ignore line: [Apple LLVM version 10.0.0 (clang-1000.10.44.4)]
  ignore line: [Target: x86_64-apple-darwin17.7.0]
  ignore line: [Thread model: posix]
  ignore line: [InstalledDir: /Library/Developer/CommandLineTools/usr/bin]
  link line: [ "/Library/Developer/CommandLineTools/usr/bin/ld" -demangle -lto_library /Library/Developer/CommandLineTools/usr/lib/libLTO.dylib -dynamic -arch x86_64 -macosx_version_min 10.13.0 -o cmTC_6f50f -search_paths_first -headerpad_max_install_names -v CMakeFiles/cmTC_6f50f.dir/CMakeCCompilerABI.c.o -lSystem /Library/Developer/CommandLineTools/usr/lib/clang/10.0.0/lib/darwin/libclang_rt.osx.a]
    arg [/Library/Developer/CommandLineTools/usr/bin/ld] ==> ignore
    arg [-demangle] ==> ignore
    arg [-lto_library] ==> ignore, skip following value
    arg [/Library/Developer/CommandLineTools/usr/lib/libLTO.dylib] ==> skip value of -lto_library
    arg [-dynamic] ==> ignore
    arg [-arch] ==> ignore
    arg [x86_64] ==> ignore
    arg [-macosx_version_min] ==> ignore
    arg [10.13.0] ==> ignore
    arg [-o] ==> ignore
    arg [cmTC_6f50f] ==> ignore
    arg [-search_paths_first] ==> ignore
    arg [-headerpad_max_install_names] ==> ignore
    arg [-v] ==> ignore
    arg [CMakeFiles/cmTC_6f50f.dir/CMakeCCompilerABI.c.o] ==> ignore
    arg [-lSystem] ==> lib [System]
    arg [/Library/Developer/CommandLineTools/usr/lib/clang/10.0.0/lib/darwin/libclang_rt.osx.a] ==> lib [/Library/Developer/CommandLineTools/usr/lib/clang/10.0.0/lib/darwin/libclang_rt.osx.a]
  Library search paths: [;/usr/lib;/usr/local/lib]
  Framework search paths: [;/Library/Frameworks/;/System/Library/Frameworks/]
  remove lib [System]
  remove lib [/Library/Developer/CommandLineTools/usr/lib/clang/10.0.0/lib/darwin/libclang_rt.osx.a]
  collapse library dir [/usr/lib] ==> [/usr/lib]
  collapse library dir [/usr/local/lib] ==> [/usr/local/lib]
  collapse framework dir [/Library/Frameworks/] ==> [/Library/Frameworks]
  collapse framework dir [/System/Library/Frameworks/] ==> [/System/Library/Frameworks]
  implicit libs: []
  implicit dirs: [/usr/lib;/usr/local/lib]
  implicit fwks: [/Library/Frameworks;/System/Library/Frameworks]




Detecting C [-std=c11] compiler features compiled with the following output:
Change Dir: /Users/stepanjakl/CLionProjects/aerofyt-clion-platformio-project/cmake-build-debug/CMakeFiles/CMakeTmp

Run Build Command:"/usr/bin/make" "cmTC_50933/fast"
/Library/Developer/CommandLineTools/usr/bin/make -f CMakeFiles/cmTC_50933.dir/build.make CMakeFiles/cmTC_50933.dir/build
Building C object CMakeFiles/cmTC_50933.dir/feature_tests.c.o
/Library/Developer/CommandLineTools/usr/bin/cc   -std=c11 -o CMakeFiles/cmTC_50933.dir/feature_tests.c.o   -c /Users/stepanjakl/CLionProjects/aerofyt-clion-platformio-project/cmake-build-debug/CMakeFiles/feature_tests.c
Linking C executable cmTC_50933
"/Users/stepanjakl/Library/Application Support/JetBrains/Toolbox/apps/CLion/ch-0/191.4738.15/CLion 2019.1 EAP.app/Contents/bin/cmake/mac/bin/cmake" -E cmake_link_script CMakeFiles/cmTC_50933.dir/link.txt --verbose=1
/Library/Developer/CommandLineTools/usr/bin/cc   -Wl,-search_paths_first -Wl,-headerpad_max_install_names   CMakeFiles/cmTC_50933.dir/feature_tests.c.o  -o cmTC_50933 


    Feature record: C_FEATURE:1c_function_prototypes
    Feature record: C_FEATURE:1c_restrict
    Feature record: C_FEATURE:1c_static_assert
    Feature record: C_FEATURE:1c_variadic_macros


Detecting C [-std=c99] compiler features compiled with the following output:
Change Dir: /Users/stepanjakl/CLionProjects/aerofyt-clion-platformio-project/cmake-build-debug/CMakeFiles/CMakeTmp

Run Build Command:"/usr/bin/make" "cmTC_ec5ee/fast"
/Library/Developer/CommandLineTools/usr/bin/make -f CMakeFiles/cmTC_ec5ee.dir/build.make CMakeFiles/cmTC_ec5ee.dir/build
Building C object CMakeFiles/cmTC_ec5ee.dir/feature_tests.c.o
/Library/Developer/CommandLineTools/usr/bin/cc   -std=c99 -o CMakeFiles/cmTC_ec5ee.dir/feature_tests.c.o   -c /Users/stepanjakl/CLionProjects/aerofyt-clion-platformio-project/cmake-build-debug/CMakeFiles/feature_tests.c
Linking C executable cmTC_ec5ee
"/Users/stepanjakl/Library/Application Support/JetBrains/Toolbox/apps/CLion/ch-0/191.4738.15/CLion 2019.1 EAP.app/Contents/bin/cmake/mac/bin/cmake" -E cmake_link_script CMakeFiles/cmTC_ec5ee.dir/link.txt --verbose=1
/Library/Developer/CommandLineTools/usr/bin/cc   -Wl,-search_paths_first -Wl,-headerpad_max_install_names   CMakeFiles/cmTC_ec5ee.dir/feature_tests.c.o  -o cmTC_ec5ee 


    Feature record: C_FEATURE:1c_function_prototypes
    Feature record: C_FEATURE:1c_restrict
    Feature record: C_FEATURE:0c_static_assert
    Feature record: C_FEATURE:1c_variadic_macros


Detecting C [-std=c90] compiler features compiled with the following output:
Change Dir: /Users/stepanjakl/CLionProjects/aerofyt-clion-platformio-project/cmake-build-debug/CMakeFiles/CMakeTmp

Run Build Command:"/usr/bin/make" "cmTC_aa153/fast"
/Library/Developer/CommandLineTools/usr/bin/make -f CMakeFiles/cmTC_aa153.dir/build.make CMakeFiles/cmTC_aa153.dir/build
Building C object CMakeFiles/cmTC_aa153.dir/feature_tests.c.o
/Library/Developer/CommandLineTools/usr/bin/cc   -std=c90 -o CMakeFiles/cmTC_aa153.dir/feature_tests.c.o   -c /Users/stepanjakl/CLionProjects/aerofyt-clion-platformio-project/cmake-build-debug/CMakeFiles/feature_tests.c
Linking C executable cmTC_aa153
"/Users/stepanjakl/Library/Application Support/JetBrains/Toolbox/apps/CLion/ch-0/191.4738.15/CLion 2019.1 EAP.app/Contents/bin/cmake/mac/bin/cmake" -E cmake_link_script CMakeFiles/cmTC_aa153.dir/link.txt --verbose=1
/Library/Developer/CommandLineTools/usr/bin/cc   -Wl,-search_paths_first -Wl,-headerpad_max_install_names   CMakeFiles/cmTC_aa153.dir/feature_tests.c.o  -o cmTC_aa153 


    Feature record: C_FEATURE:1c_function_prototypes
    Feature record: C_FEATURE:0c_restrict
    Feature record: C_FEATURE:0c_static_assert
    Feature record: C_FEATURE:0c_variadic_macros
Determining if the CXX compiler works passed with the following output:
Change Dir: /Users/stepanjakl/CLionProjects/aerofyt-clion-platformio-project/cmake-build-debug/CMakeFiles/CMakeTmp

Run Build Command:"/usr/bin/make" "cmTC_89298/fast"
/Library/Developer/CommandLineTools/usr/bin/make -f CMakeFiles/cmTC_89298.dir/build.make CMakeFiles/cmTC_89298.dir/build
Building CXX object CMakeFiles/cmTC_89298.dir/testCXXCompiler.cxx.o
/Library/Developer/CommandLineTools/usr/bin/c++     -o CMakeFiles/cmTC_89298.dir/testCXXCompiler.cxx.o -c /Users/stepanjakl/CLionProjects/aerofyt-clion-platformio-project/cmake-build-debug/CMakeFiles/CMakeTmp/testCXXCompiler.cxx
Linking CXX executable cmTC_89298
"/Users/stepanjakl/Library/Application Support/JetBrains/Toolbox/apps/CLion/ch-0/191.4738.15/CLion 2019.1 EAP.app/Contents/bin/cmake/mac/bin/cmake" -E cmake_link_script CMakeFiles/cmTC_89298.dir/link.txt --verbose=1
/Library/Developer/CommandLineTools/usr/bin/c++    -Wl,-search_paths_first -Wl,-headerpad_max_install_names   CMakeFiles/cmTC_89298.dir/testCXXCompiler.cxx.o  -o cmTC_89298 


Detecting CXX compiler ABI info compiled with the following output:
Change Dir: /Users/stepanjakl/CLionProjects/aerofyt-clion-platformio-project/cmake-build-debug/CMakeFiles/CMakeTmp

Run Build Command:"/usr/bin/make" "cmTC_b0365/fast"
/Library/Developer/CommandLineTools/usr/bin/make -f CMakeFiles/cmTC_b0365.dir/build.make CMakeFiles/cmTC_b0365.dir/build
Building CXX object CMakeFiles/cmTC_b0365.dir/CMakeCXXCompilerABI.cpp.o
/Library/Developer/CommandLineTools/usr/bin/c++     -o CMakeFiles/cmTC_b0365.dir/CMakeCXXCompilerABI.cpp.o -c "/Users/stepanjakl/Library/Application Support/JetBrains/Toolbox/apps/CLion/ch-0/191.4738.15/CLion 2019.1 EAP.app/Contents/bin/cmake/mac/share/cmake-3.13/Modules/CMakeCXXCompilerABI.cpp"
Linking CXX executable cmTC_b0365
"/Users/stepanjakl/Library/Application Support/JetBrains/Toolbox/apps/CLion/ch-0/191.4738.15/CLion 2019.1 EAP.app/Contents/bin/cmake/mac/bin/cmake" -E cmake_link_script CMakeFiles/cmTC_b0365.dir/link.txt --verbose=1
/Library/Developer/CommandLineTools/usr/bin/c++    -Wl,-search_paths_first -Wl,-headerpad_max_install_names  -v -Wl,-v CMakeFiles/cmTC_b0365.dir/CMakeCXXCompilerABI.cpp.o  -o cmTC_b0365 
Apple LLVM version 10.0.0 (clang-1000.10.44.4)
Target: x86_64-apple-darwin17.7.0
Thread model: posix
InstalledDir: /Library/Developer/CommandLineTools/usr/bin
 "/Library/Developer/CommandLineTools/usr/bin/ld" -demangle -lto_library /Library/Developer/CommandLineTools/usr/lib/libLTO.dylib -dynamic -arch x86_64 -macosx_version_min 10.13.0 -o cmTC_b0365 -search_paths_first -headerpad_max_install_names -v CMakeFiles/cmTC_b0365.dir/CMakeCXXCompilerABI.cpp.o -lc++ -lSystem /Library/Developer/CommandLineTools/usr/lib/clang/10.0.0/lib/darwin/libclang_rt.osx.a
@(#)PROGRAM:ld  PROJECT:ld64-409.12
BUILD 17:47:51 Sep 25 2018
configured to support archs: armv6 armv7 armv7s arm64 i386 x86_64 x86_64h armv6m armv7k armv7m armv7em
Library search paths:
	/usr/lib
	/usr/local/lib
Framework search paths:
	/Library/Frameworks/
	/System/Library/Frameworks/


Parsed CXX implicit link information from above output:
  link line regex: [^( *|.*[/\])(ld|CMAKE_LINK_STARTFILE-NOTFOUND|([^/\]+-)?ld|collect2)[^/\]*( |$)]
  ignore line: [Change Dir: /Users/stepanjakl/CLionProjects/aerofyt-clion-platformio-project/cmake-build-debug/CMakeFiles/CMakeTmp]
  ignore line: []
  ignore line: [Run Build Command:"/usr/bin/make" "cmTC_b0365/fast"]
  ignore line: [/Library/Developer/CommandLineTools/usr/bin/make -f CMakeFiles/cmTC_b0365.dir/build.make CMakeFiles/cmTC_b0365.dir/build]
  ignore line: [Building CXX object CMakeFiles/cmTC_b0365.dir/CMakeCXXCompilerABI.cpp.o]
  ignore line: [/Library/Developer/CommandLineTools/usr/bin/c++     -o CMakeFiles/cmTC_b0365.dir/CMakeCXXCompilerABI.cpp.o -c "/Users/stepanjakl/Library/Application Support/JetBrains/Toolbox/apps/CLion/ch-0/191.4738.15/CLion 2019.1 EAP.app/Contents/bin/cmake/mac/share/cmake-3.13/Modules/CMakeCXXCompilerABI.cpp"]
  ignore line: [Linking CXX executable cmTC_b0365]
  ignore line: ["/Users/stepanjakl/Library/Application Support/JetBrains/Toolbox/apps/CLion/ch-0/191.4738.15/CLion 2019.1 EAP.app/Contents/bin/cmake/mac/bin/cmake" -E cmake_link_script CMakeFiles/cmTC_b0365.dir/link.txt --verbose=1]
  ignore line: [/Library/Developer/CommandLineTools/usr/bin/c++    -Wl,-search_paths_first -Wl,-headerpad_max_install_names  -v -Wl,-v CMakeFiles/cmTC_b0365.dir/CMakeCXXCompilerABI.cpp.o  -o cmTC_b0365 ]
  ignore line: [Apple LLVM version 10.0.0 (clang-1000.10.44.4)]
  ignore line: [Target: x86_64-apple-darwin17.7.0]
  ignore line: [Thread model: posix]
  ignore line: [InstalledDir: /Library/Developer/CommandLineTools/usr/bin]
  link line: [ "/Library/Developer/CommandLineTools/usr/bin/ld" -demangle -lto_library /Library/Developer/CommandLineTools/usr/lib/libLTO.dylib -dynamic -arch x86_64 -macosx_version_min 10.13.0 -o cmTC_b0365 -search_paths_first -headerpad_max_install_names -v CMakeFiles/cmTC_b0365.dir/CMakeCXXCompilerABI.cpp.o -lc++ -lSystem /Library/Developer/CommandLineTools/usr/lib/clang/10.0.0/lib/darwin/libclang_rt.osx.a]
    arg [/Library/Developer/CommandLineTools/usr/bin/ld] ==> ignore
    arg [-demangle] ==> ignore
    arg [-lto_library] ==> ignore, skip following value
    arg [/Library/Developer/CommandLineTools/usr/lib/libLTO.dylib] ==> skip value of -lto_library
    arg [-dynamic] ==> ignore
    arg [-arch] ==> ignore
    arg [x86_64] ==> ignore
    arg [-macosx_version_min] ==> ignore
    arg [10.13.0] ==> ignore
    arg [-o] ==> ignore
    arg [cmTC_b0365] ==> ignore
    arg [-search_paths_first] ==> ignore
    arg [-headerpad_max_install_names] ==> ignore
    arg [-v] ==> ignore
    arg [CMakeFiles/cmTC_b0365.dir/CMakeCXXCompilerABI.cpp.o] ==> ignore
    arg [-lc++] ==> lib [c++]
    arg [-lSystem] ==> lib [System]
    arg [/Library/Developer/CommandLineTools/usr/lib/clang/10.0.0/lib/darwin/libclang_rt.osx.a] ==> lib [/Library/Developer/CommandLineTools/usr/lib/clang/10.0.0/lib/darwin/libclang_rt.osx.a]
  Library search paths: [;/usr/lib;/usr/local/lib]
  Framework search paths: [;/Library/Frameworks/;/System/Library/Frameworks/]
  remove lib [System]
  remove lib [/Library/Developer/CommandLineTools/usr/lib/clang/10.0.0/lib/darwin/libclang_rt.osx.a]
  collapse library dir [/usr/lib] ==> [/usr/lib]
  collapse library dir [/usr/local/lib] ==> [/usr/local/lib]
  collapse framework dir [/Library/Frameworks/] ==> [/Library/Frameworks]
  collapse framework dir [/System/Library/Frameworks/] ==> [/System/Library/Frameworks]
  implicit libs: [c++]
  implicit dirs: [/usr/lib;/usr/local/lib]
  implicit fwks: [/Library/Frameworks;/System/Library/Frameworks]




Detecting CXX [-std=c++1z] compiler features compiled with the following output:
Change Dir: /Users/stepanjakl/CLionProjects/aerofyt-clion-platformio-project/cmake-build-debug/CMakeFiles/CMakeTmp

Run Build Command:"/usr/bin/make" "cmTC_96118/fast"
/Library/Developer/CommandLineTools/usr/bin/make -f CMakeFiles/cmTC_96118.dir/build.make CMakeFiles/cmTC_96118.dir/build
Building CXX object CMakeFiles/cmTC_96118.dir/feature_tests.cxx.o
/Library/Developer/CommandLineTools/usr/bin/c++    -std=c++1z -o CMakeFiles/cmTC_96118.dir/feature_tests.cxx.o -c /Users/stepanjakl/CLionProjects/aerofyt-clion-platformio-project/cmake-build-debug/CMakeFiles/feature_tests.cxx
Linking CXX executable cmTC_96118
"/Users/stepanjakl/Library/Application Support/JetBrains/Toolbox/apps/CLion/ch-0/191.4738.15/CLion 2019.1 EAP.app/Contents/bin/cmake/mac/bin/cmake" -E cmake_link_script CMakeFiles/cmTC_96118.dir/link.txt --verbose=1
/Library/Developer/CommandLineTools/usr/bin/c++    -Wl,-search_paths_first -Wl,-headerpad_max_install_names   CMakeFiles/cmTC_96118.dir/feature_tests.cxx.o  -o cmTC_96118 


    Feature record: CXX_FEATURE:1cxx_aggregate_default_initializers
    Feature record: CXX_FEATURE:1cxx_alias_templates
    Feature record: CXX_FEATURE:1cxx_alignas
    Feature record: CXX_FEATURE:1cxx_alignof
    Feature record: CXX_FEATURE:1cxx_attributes
    Feature record: CXX_FEATURE:1cxx_attribute_deprecated
    Feature record: CXX_FEATURE:1cxx_auto_type
    Feature record: CXX_FEATURE:1cxx_binary_literals
    Feature record: CXX_FEATURE:1cxx_constexpr
    Feature record: CXX_FEATURE:1cxx_contextual_conversions
    Feature record: CXX_FEATURE:1cxx_decltype
    Feature record: CXX_FEATURE:1cxx_decltype_auto
    Feature record: CXX_FEATURE:1cxx_decltype_incomplete_return_types
    Feature record: CXX_FEATURE:1cxx_default_function_template_args
    Feature record: CXX_FEATURE:1cxx_defaulted_functions
    Feature record: CXX_FEATURE:1cxx_defaulted_move_initializers
    Feature record: CXX_FEATURE:1cxx_delegating_constructors
    Feature record: CXX_FEATURE:1cxx_deleted_functions
    Feature record: CXX_FEATURE:1cxx_digit_separators
    Feature record: CXX_FEATURE:1cxx_enum_forward_declarations
    Feature record: CXX_FEATURE:1cxx_explicit_conversions
    Feature record: CXX_FEATURE:1cxx_extended_friend_declarations
    Feature record: CXX_FEATURE:1cxx_extern_templates
    Feature record: CXX_FEATURE:1cxx_final
    Feature record: CXX_FEATURE:1cxx_func_identifier
    Feature record: CXX_FEATURE:1cxx_generalized_initializers
    Feature record: CXX_FEATURE:1cxx_generic_lambdas
    Feature record: CXX_FEATURE:1cxx_inheriting_constructors
    Feature record: CXX_FEATURE:1cxx_inline_namespaces
    Feature record: CXX_FEATURE:1cxx_lambdas
    Feature record: CXX_FEATURE:1cxx_lambda_init_captures
    Feature record: CXX_FEATURE:1cxx_local_type_template_args
    Feature record: CXX_FEATURE:1cxx_long_long_type
    Feature record: CXX_FEATURE:1cxx_noexcept
    Feature record: CXX_FEATURE:1cxx_nonstatic_member_init
    Feature record: CXX_FEATURE:1cxx_nullptr
    Feature record: CXX_FEATURE:1cxx_override
    Feature record: CXX_FEATURE:1cxx_range_for
    Feature record: CXX_FEATURE:1cxx_raw_string_literals
    Feature record: CXX_FEATURE:1cxx_reference_qualified_functions
    Feature record: CXX_FEATURE:1cxx_relaxed_constexpr
    Feature record: CXX_FEATURE:1cxx_return_type_deduction
    Feature record: CXX_FEATURE:1cxx_right_angle_brackets
    Feature record: CXX_FEATURE:1cxx_rvalue_references
    Feature record: CXX_FEATURE:1cxx_sizeof_member
    Feature record: CXX_FEATURE:1cxx_static_assert
    Feature record: CXX_FEATURE:1cxx_strong_enums
    Feature record: CXX_FEATURE:1cxx_template_template_parameters
    Feature record: CXX_FEATURE:1cxx_thread_local
    Feature record: CXX_FEATURE:1cxx_trailing_return_types
    Feature record: CXX_FEATURE:1cxx_unicode_literals
    Feature record: CXX_FEATURE:1cxx_uniform_initialization
    Feature record: CXX_FEATURE:1cxx_unrestricted_unions
    Feature record: CXX_FEATURE:1cxx_user_literals
    Feature record: CXX_FEATURE:1cxx_variable_templates
    Feature record: CXX_FEATURE:1cxx_variadic_macros
    Feature record: CXX_FEATURE:1cxx_variadic_templates


Detecting CXX [-std=c++14] compiler features compiled with the following output:
Change Dir: /Users/stepanjakl/CLionProjects/aerofyt-clion-platformio-project/cmake-build-debug/CMakeFiles/CMakeTmp

Run Build Command:"/usr/bin/make" "cmTC_32758/fast"
/Library/Developer/CommandLineTools/usr/bin/make -f CMakeFiles/cmTC_32758.dir/build.make CMakeFiles/cmTC_32758.dir/build
Building CXX object CMakeFiles/cmTC_32758.dir/feature_tests.cxx.o
/Library/Developer/CommandLineTools/usr/bin/c++    -std=c++14 -o CMakeFiles/cmTC_32758.dir/feature_tests.cxx.o -c /Users/stepanjakl/CLionProjects/aerofyt-clion-platformio-project/cmake-build-debug/CMakeFiles/feature_tests.cxx
Linking CXX executable cmTC_32758
"/Users/stepanjakl/Library/Application Support/JetBrains/Toolbox/apps/CLion/ch-0/191.4738.15/CLion 2019.1 EAP.app/Contents/bin/cmake/mac/bin/cmake" -E cmake_link_script CMakeFiles/cmTC_32758.dir/link.txt --verbose=1
/Library/Developer/CommandLineTools/usr/bin/c++    -Wl,-search_paths_first -Wl,-headerpad_max_install_names   CMakeFiles/cmTC_32758.dir/feature_tests.cxx.o  -o cmTC_32758 


    Feature record: CXX_FEATURE:1cxx_aggregate_default_initializers
    Feature record: CXX_FEATURE:1cxx_alias_templates
    Feature record: CXX_FEATURE:1cxx_alignas
    Feature record: CXX_FEATURE:1cxx_alignof
    Feature record: CXX_FEATURE:1cxx_attributes
    Feature record: CXX_FEATURE:1cxx_attribute_deprecated
    Feature record: CXX_FEATURE:1cxx_auto_type
    Feature record: CXX_FEATURE:1cxx_binary_literals
    Feature record: CXX_FEATURE:1cxx_constexpr
    Feature record: CXX_FEATURE:1cxx_contextual_conversions
    Feature record: CXX_FEATURE:1cxx_decltype
    Feature record: CXX_FEATURE:1cxx_decltype_auto
    Feature record: CXX_FEATURE:1cxx_decltype_incomplete_return_types
    Feature record: CXX_FEATURE:1cxx_default_function_template_args
    Feature record: CXX_FEATURE:1cxx_defaulted_functions
    Feature record: CXX_FEATURE:1cxx_defaulted_move_initializers
    Feature record: CXX_FEATURE:1cxx_delegating_constructors
    Feature record: CXX_FEATURE:1cxx_deleted_functions
    Feature record: CXX_FEATURE:1cxx_digit_separators
    Feature record: CXX_FEATURE:1cxx_enum_forward_declarations
    Feature record: CXX_FEATURE:1cxx_explicit_conversions
    Feature record: CXX_FEATURE:1cxx_extended_friend_declarations
    Feature record: CXX_FEATURE:1cxx_extern_templates
    Feature record: CXX_FEATURE:1cxx_final
    Feature record: CXX_FEATURE:1cxx_func_identifier
    Feature record: CXX_FEATURE:1cxx_generalized_initializers
    Feature record: CXX_FEATURE:1cxx_generic_lambdas
    Feature record: CXX_FEATURE:1cxx_inheriting_constructors
    Feature record: CXX_FEATURE:1cxx_inline_namespaces
    Feature record: CXX_FEATURE:1cxx_lambdas
    Feature record: CXX_FEATURE:1cxx_lambda_init_captures
    Feature record: CXX_FEATURE:1cxx_local_type_template_args
    Feature record: CXX_FEATURE:1cxx_long_long_type
    Feature record: CXX_FEATURE:1cxx_noexcept
    Feature record: CXX_FEATURE:1cxx_nonstatic_member_init
    Feature record: CXX_FEATURE:1cxx_nullptr
    Feature record: CXX_FEATURE:1cxx_override
    Feature record: CXX_FEATURE:1cxx_range_for
    Feature record: CXX_FEATURE:1cxx_raw_string_literals
    Feature record: CXX_FEATURE:1cxx_reference_qualified_functions
    Feature record: CXX_FEATURE:1cxx_relaxed_constexpr
    Feature record: CXX_FEATURE:1cxx_return_type_deduction
    Feature record: CXX_FEATURE:1cxx_right_angle_brackets
    Feature record: CXX_FEATURE:1cxx_rvalue_references
    Feature record: CXX_FEATURE:1cxx_sizeof_member
    Feature record: CXX_FEATURE:1cxx_static_assert
    Feature record: CXX_FEATURE:1cxx_strong_enums
    Feature record: CXX_FEATURE:1cxx_template_template_parameters
    Feature record: CXX_FEATURE:1cxx_thread_local
    Feature record: CXX_FEATURE:1cxx_trailing_return_types
    Feature record: CXX_FEATURE:1cxx_unicode_literals
    Feature record: CXX_FEATURE:1cxx_uniform_initialization
    Feature record: CXX_FEATURE:1cxx_unrestricted_unions
    Feature record: CXX_FEATURE:1cxx_user_literals
    Feature record: CXX_FEATURE:1cxx_variable_templates
    Feature record: CXX_FEATURE:1cxx_variadic_macros
    Feature record: CXX_FEATURE:1cxx_variadic_templates


Detecting CXX [-std=c++11] compiler features compiled with the following output:
Change Dir: /Users/stepanjakl/CLionProjects/aerofyt-clion-platformio-project/cmake-build-debug/CMakeFiles/CMakeTmp

Run Build Command:"/usr/bin/make" "cmTC_b41ea/fast"
/Library/Developer/CommandLineTools/usr/bin/make -f CMakeFiles/cmTC_b41ea.dir/build.make CMakeFiles/cmTC_b41ea.dir/build
Building CXX object CMakeFiles/cmTC_b41ea.dir/feature_tests.cxx.o
/Library/Developer/CommandLineTools/usr/bin/c++    -std=c++11 -o CMakeFiles/cmTC_b41ea.dir/feature_tests.cxx.o -c /Users/stepanjakl/CLionProjects/aerofyt-clion-platformio-project/cmake-build-debug/CMakeFiles/feature_tests.cxx
Linking CXX executable cmTC_b41ea
"/Users/stepanjakl/Library/Application Support/JetBrains/Toolbox/apps/CLion/ch-0/191.4738.15/CLion 2019.1 EAP.app/Contents/bin/cmake/mac/bin/cmake" -E cmake_link_script CMakeFiles/cmTC_b41ea.dir/link.txt --verbose=1
/Library/Developer/CommandLineTools/usr/bin/c++    -Wl,-search_paths_first -Wl,-headerpad_max_install_names   CMakeFiles/cmTC_b41ea.dir/feature_tests.cxx.o  -o cmTC_b41ea 


    Feature record: CXX_FEATURE:0cxx_aggregate_default_initializers
    Feature record: CXX_FEATURE:1cxx_alias_templates
    Feature record: CXX_FEATURE:1cxx_alignas
    Feature record: CXX_FEATURE:1cxx_alignof
    Feature record: CXX_FEATURE:1cxx_attributes
    Feature record: CXX_FEATURE:0cxx_attribute_deprecated
    Feature record: CXX_FEATURE:1cxx_auto_type
    Feature record: CXX_FEATURE:0cxx_binary_literals
    Feature record: CXX_FEATURE:1cxx_constexpr
    Feature record: CXX_FEATURE:0cxx_contextual_conversions
    Feature record: CXX_FEATURE:1cxx_decltype
    Feature record: CXX_FEATURE:0cxx_decltype_auto
    Feature record: CXX_FEATURE:1cxx_decltype_incomplete_return_types
    Feature record: CXX_FEATURE:1cxx_default_function_template_args
    Feature record: CXX_FEATURE:1cxx_defaulted_functions
    Feature record: CXX_FEATURE:1cxx_defaulted_move_initializers
    Feature record: CXX_FEATURE:1cxx_delegating_constructors
    Feature record: CXX_FEATURE:1cxx_deleted_functions
    Feature record: CXX_FEATURE:0cxx_digit_separators
    Feature record: CXX_FEATURE:1cxx_enum_forward_declarations
    Feature record: CXX_FEATURE:1cxx_explicit_conversions
    Feature record: CXX_FEATURE:1cxx_extended_friend_declarations
    Feature record: CXX_FEATURE:1cxx_extern_templates
    Feature record: CXX_FEATURE:1cxx_final
    Feature record: CXX_FEATURE:1cxx_func_identifier
    Feature record: CXX_FEATURE:1cxx_generalized_initializers
    Feature record: CXX_FEATURE:0cxx_generic_lambdas
    Feature record: CXX_FEATURE:1cxx_inheriting_constructors
    Feature record: CXX_FEATURE:1cxx_inline_namespaces
    Feature record: CXX_FEATURE:1cxx_lambdas
    Feature record: CXX_FEATURE:0cxx_lambda_init_captures
    Feature record: CXX_FEATURE:1cxx_local_type_template_args
    Feature record: CXX_FEATURE:1cxx_long_long_type
    Feature record: CXX_FEATURE:1cxx_noexcept
    Feature record: CXX_FEATURE:1cxx_nonstatic_member_init
    Feature record: CXX_FEATURE:1cxx_nullptr
    Feature record: CXX_FEATURE:1cxx_override
    Feature record: CXX_FEATURE:1cxx_range_for
    Feature record: CXX_FEATURE:1cxx_raw_string_literals
    Feature record: CXX_FEATURE:1cxx_reference_qualified_functions
    Feature record: CXX_FEATURE:0cxx_relaxed_constexpr
    Feature record: CXX_FEATURE:0cxx_return_type_deduction
    Feature record: CXX_FEATURE:1cxx_right_angle_brackets
    Feature record: CXX_FEATURE:1cxx_rvalue_references
    Feature record: CXX_FEATURE:1cxx_sizeof_member
    Feature record: CXX_FEATURE:1cxx_static_assert
    Feature record: CXX_FEATURE:1cxx_strong_enums
    Feature record: CXX_FEATURE:1cxx_template_template_parameters
    Feature record: CXX_FEATURE:1cxx_thread_local
    Feature record: CXX_FEATURE:1cxx_trailing_return_types
    Feature record: CXX_FEATURE:1cxx_unicode_literals
    Feature record: CXX_FEATURE:1cxx_uniform_initialization
    Feature record: CXX_FEATURE:1cxx_unrestricted_unions
    Feature record: CXX_FEATURE:1cxx_user_literals
    Feature record: CXX_FEATURE:0cxx_variable_templates
    Feature record: CXX_FEATURE:1cxx_variadic_macros
    Feature record: CXX_FEATURE:1cxx_variadic_templates


Detecting CXX [-std=c++98] compiler features compiled with the following output:
Change Dir: /Users/stepanjakl/CLionProjects/aerofyt-clion-platformio-project/cmake-build-debug/CMakeFiles/CMakeTmp

Run Build Command:"/usr/bin/make" "cmTC_89abf/fast"
/Library/Developer/CommandLineTools/usr/bin/make -f CMakeFiles/cmTC_89abf.dir/build.make CMakeFiles/cmTC_89abf.dir/build
Building CXX object CMakeFiles/cmTC_89abf.dir/feature_tests.cxx.o
/Library/Developer/CommandLineTools/usr/bin/c++    -std=c++98 -o CMakeFiles/cmTC_89abf.dir/feature_tests.cxx.o -c /Users/stepanjakl/CLionProjects/aerofyt-clion-platformio-project/cmake-build-debug/CMakeFiles/feature_tests.cxx
Linking CXX executable cmTC_89abf
"/Users/stepanjakl/Library/Application Support/JetBrains/Toolbox/apps/CLion/ch-0/191.4738.15/CLion 2019.1 EAP.app/Contents/bin/cmake/mac/bin/cmake" -E cmake_link_script CMakeFiles/cmTC_89abf.dir/link.txt --verbose=1
/Library/Developer/CommandLineTools/usr/bin/c++    -Wl,-search_paths_first -Wl,-headerpad_max_install_names   CMakeFiles/cmTC_89abf.dir/feature_tests.cxx.o  -o cmTC_89abf 


    Feature record: CXX_FEATURE:0cxx_aggregate_default_initializers
    Feature record: CXX_FEATURE:0cxx_alias_templates
    Feature record: CXX_FEATURE:0cxx_alignas
    Feature record: CXX_FEATURE:0cxx_alignof
    Feature record: CXX_FEATURE:0cxx_attributes
    Feature record: CXX_FEATURE:0cxx_attribute_deprecated
    Feature record: CXX_FEATURE:0cxx_auto_type
    Feature record: CXX_FEATURE:0cxx_binary_literals
    Feature record: CXX_FEATURE:0cxx_constexpr
    Feature record: CXX_FEATURE:0cxx_contextual_conversions
    Feature record: CXX_FEATURE:0cxx_decltype
    Feature record: CXX_FEATURE:0cxx_decltype_auto
    Feature record: CXX_FEATURE:0cxx_decltype_incomplete_return_types
    Feature record: CXX_FEATURE:0cxx_default_function_template_args
    Feature record: CXX_FEATURE:0cxx_defaulted_functions
    Feature record: CXX_FEATURE:0cxx_defaulted_move_initializers
    Feature record: CXX_FEATURE:0cxx_delegating_constructors
    Feature record: CXX_FEATURE:0cxx_deleted_functions
    Feature record: CXX_FEATURE:0cxx_digit_separators
    Feature record: CXX_FEATURE:0cxx_enum_forward_declarations
    Feature record: CXX_FEATURE:0cxx_explicit_conversions
    Feature record: CXX_FEATURE:0cxx_extended_friend_declarations
    Feature record: CXX_FEATURE:0cxx_extern_templates
    Feature record: CXX_FEATURE:0cxx_final
    Feature record: CXX_FEATURE:0cxx_func_identifier
    Feature record: CXX_FEATURE:0cxx_generalized_initializers
    Feature record: CXX_FEATURE:0cxx_generic_lambdas
    Feature record: CXX_FEATURE:0cxx_inheriting_constructors
    Feature record: CXX_FEATURE:0cxx_inline_namespaces
    Feature record: CXX_FEATURE:0cxx_lambdas
    Feature record: CXX_FEATURE:0cxx_lambda_init_captures
    Feature record: CXX_FEATURE:0cxx_local_type_template_args
    Feature record: CXX_FEATURE:0cxx_long_long_type
    Feature record: CXX_FEATURE:0cxx_noexcept
    Feature record: CXX_FEATURE:0cxx_nonstatic_member_init
    Feature record: CXX_FEATURE:0cxx_nullptr
    Feature record: CXX_FEATURE:0cxx_override
    Feature record: CXX_FEATURE:0cxx_range_for
    Feature record: CXX_FEATURE:0cxx_raw_string_literals
    Feature record: CXX_FEATURE:0cxx_reference_qualified_functions
    Feature record: CXX_FEATURE:0cxx_relaxed_constexpr
    Feature record: CXX_FEATURE:0cxx_return_type_deduction
    Feature record: CXX_FEATURE:0cxx_right_angle_brackets
    Feature record: CXX_FEATURE:0cxx_rvalue_references
    Feature record: CXX_FEATURE:0cxx_sizeof_member
    Feature record: CXX_FEATURE:0cxx_static_assert
    Feature record: CXX_FEATURE:0cxx_strong_enums
    Feature record: CXX_FEATURE:1cxx_template_template_parameters
    Feature record: CXX_FEATURE:0cxx_thread_local
    Feature record: CXX_FEATURE:0cxx_trailing_return_types
    Feature record: CXX_FEATURE:0cxx_unicode_literals
    Feature record: CXX_FEATURE:0cxx_uniform_initialization
    Feature record: CXX_FEATURE:0cxx_unrestricted_unions
    Feature record: CXX_FEATURE:0cxx_user_literals
    Feature record: CXX_FEATURE:0cxx_variable_templates
    Feature record: CXX_FEATURE:0cxx_variadic_macros
    Feature record: CXX_FEATURE:0cxx_variadic_templates
The system is: Darwin - 17.7.0 - x86_64
Compiling the C compiler identification source file "CMakeCCompilerId.c" succeeded.
Compiler: /Library/Developer/CommandLineTools/usr/bin/cc 
Build flags: 
Id flags:  

The output was:
0


Compilation of the C compiler identification source "CMakeCCompilerId.c" produced "a.out"

The C compiler identification is AppleClang, found in "/Users/stepanjakl/CLionProjects/aerofyt-clion-platformio-project/cmake-build-debug/CMakeFiles/3.13.4/CompilerIdC/a.out"

Compiling the CXX compiler identification source file "CMakeCXXCompilerId.cpp" succeeded.
Compiler: /Library/Developer/CommandLineTools/usr/bin/c++ 
Build flags: 
Id flags:  

The output was:
0


Compilation of the CXX compiler identification source "CMakeCXXCompilerId.cpp" produced "a.out"

The CXX compiler identification is AppleClang, found in "/Users/stepanjakl/CLionProjects/aerofyt-clion-platformio-project/cmake-build-debug/CMakeFiles/3.13.4/CompilerIdCXX/a.out"

Determining if the C compiler works passed with the following output:
Change Dir: /Users/stepanjakl/CLionProjects/aerofyt-clion-platformio-project/cmake-build-debug/CMakeFiles/CMakeTmp

Run Build Command:"/usr/bin/make" "cmTC_f51fe/fast"
/Library/Developer/CommandLineTools/usr/bin/make -f CMakeFiles/cmTC_f51fe.dir/build.make CMakeFiles/cmTC_f51fe.dir/build
Building C object CMakeFiles/cmTC_f51fe.dir/testCCompiler.c.o
/Library/Developer/CommandLineTools/usr/bin/cc    -o CMakeFiles/cmTC_f51fe.dir/testCCompiler.c.o   -c /Users/stepanjakl/CLionProjects/aerofyt-clion-platformio-project/cmake-build-debug/CMakeFiles/CMakeTmp/testCCompiler.c
Linking C executable cmTC_f51fe
"/Users/stepanjakl/Library/Application Support/JetBrains/Toolbox/apps/CLion/ch-0/191.6183.77/CLion.app/Contents/bin/cmake/mac/bin/cmake" -E cmake_link_script CMakeFiles/cmTC_f51fe.dir/link.txt --verbose=1
/Library/Developer/CommandLineTools/usr/bin/cc   -Wl,-search_paths_first -Wl,-headerpad_max_install_names   CMakeFiles/cmTC_f51fe.dir/testCCompiler.c.o  -o cmTC_f51fe 


Detecting C compiler ABI info compiled with the following output:
Change Dir: /Users/stepanjakl/CLionProjects/aerofyt-clion-platformio-project/cmake-build-debug/CMakeFiles/CMakeTmp

Run Build Command:"/usr/bin/make" "cmTC_49eb1/fast"
/Library/Developer/CommandLineTools/usr/bin/make -f CMakeFiles/cmTC_49eb1.dir/build.make CMakeFiles/cmTC_49eb1.dir/build
Building C object CMakeFiles/cmTC_49eb1.dir/CMakeCCompilerABI.c.o
/Library/Developer/CommandLineTools/usr/bin/cc    -o CMakeFiles/cmTC_49eb1.dir/CMakeCCompilerABI.c.o   -c "/Users/stepanjakl/Library/Application Support/JetBrains/Toolbox/apps/CLion/ch-0/191.6183.77/CLion.app/Contents/bin/cmake/mac/share/cmake-3.13/Modules/CMakeCCompilerABI.c"
Linking C executable cmTC_49eb1
"/Users/stepanjakl/Library/Application Support/JetBrains/Toolbox/apps/CLion/ch-0/191.6183.77/CLion.app/Contents/bin/cmake/mac/bin/cmake" -E cmake_link_script CMakeFiles/cmTC_49eb1.dir/link.txt --verbose=1
/Library/Developer/CommandLineTools/usr/bin/cc   -Wl,-search_paths_first -Wl,-headerpad_max_install_names  -v -Wl,-v CMakeFiles/cmTC_49eb1.dir/CMakeCCompilerABI.c.o  -o cmTC_49eb1 
Apple LLVM version 10.0.0 (clang-1000.10.44.4)
Target: x86_64-apple-darwin17.7.0
Thread model: posix
InstalledDir: /Library/Developer/CommandLineTools/usr/bin
 "/Library/Developer/CommandLineTools/usr/bin/ld" -demangle -lto_library /Library/Developer/CommandLineTools/usr/lib/libLTO.dylib -dynamic -arch x86_64 -macosx_version_min 10.13.0 -o cmTC_49eb1 -search_paths_first -headerpad_max_install_names -v CMakeFiles/cmTC_49eb1.dir/CMakeCCompilerABI.c.o -lSystem /Library/Developer/CommandLineTools/usr/lib/clang/10.0.0/lib/darwin/libclang_rt.osx.a
@(#)PROGRAM:ld  PROJECT:ld64-409.12
BUILD 17:47:51 Sep 25 2018
configured to support archs: armv6 armv7 armv7s arm64 i386 x86_64 x86_64h armv6m armv7k armv7m armv7em
Library search paths:
	/usr/lib
	/usr/local/lib
Framework search paths:
	/Library/Frameworks/
	/System/Library/Frameworks/


Parsed C implicit link information from above output:
  link line regex: [^( *|.*[/\])(ld|CMAKE_LINK_STARTFILE-NOTFOUND|([^/\]+-)?ld|collect2)[^/\]*( |$)]
  ignore line: [Change Dir: /Users/stepanjakl/CLionProjects/aerofyt-clion-platformio-project/cmake-build-debug/CMakeFiles/CMakeTmp]
  ignore line: []
  ignore line: [Run Build Command:"/usr/bin/make" "cmTC_49eb1/fast"]
  ignore line: [/Library/Developer/CommandLineTools/usr/bin/make -f CMakeFiles/cmTC_49eb1.dir/build.make CMakeFiles/cmTC_49eb1.dir/build]
  ignore line: [Building C object CMakeFiles/cmTC_49eb1.dir/CMakeCCompilerABI.c.o]
  ignore line: [/Library/Developer/CommandLineTools/usr/bin/cc    -o CMakeFiles/cmTC_49eb1.dir/CMakeCCompilerABI.c.o   -c "/Users/stepanjakl/Library/Application Support/JetBrains/Toolbox/apps/CLion/ch-0/191.6183.77/CLion.app/Contents/bin/cmake/mac/share/cmake-3.13/Modules/CMakeCCompilerABI.c"]
  ignore line: [Linking C executable cmTC_49eb1]
  ignore line: ["/Users/stepanjakl/Library/Application Support/JetBrains/Toolbox/apps/CLion/ch-0/191.6183.77/CLion.app/Contents/bin/cmake/mac/bin/cmake" -E cmake_link_script CMakeFiles/cmTC_49eb1.dir/link.txt --verbose=1]
  ignore line: [/Library/Developer/CommandLineTools/usr/bin/cc   -Wl,-search_paths_first -Wl,-headerpad_max_install_names  -v -Wl,-v CMakeFiles/cmTC_49eb1.dir/CMakeCCompilerABI.c.o  -o cmTC_49eb1 ]
  ignore line: [Apple LLVM version 10.0.0 (clang-1000.10.44.4)]
  ignore line: [Target: x86_64-apple-darwin17.7.0]
  ignore line: [Thread model: posix]
  ignore line: [InstalledDir: /Library/Developer/CommandLineTools/usr/bin]
  link line: [ "/Library/Developer/CommandLineTools/usr/bin/ld" -demangle -lto_library /Library/Developer/CommandLineTools/usr/lib/libLTO.dylib -dynamic -arch x86_64 -macosx_version_min 10.13.0 -o cmTC_49eb1 -search_paths_first -headerpad_max_install_names -v CMakeFiles/cmTC_49eb1.dir/CMakeCCompilerABI.c.o -lSystem /Library/Developer/CommandLineTools/usr/lib/clang/10.0.0/lib/darwin/libclang_rt.osx.a]
    arg [/Library/Developer/CommandLineTools/usr/bin/ld] ==> ignore
    arg [-demangle] ==> ignore
    arg [-lto_library] ==> ignore, skip following value
    arg [/Library/Developer/CommandLineTools/usr/lib/libLTO.dylib] ==> skip value of -lto_library
    arg [-dynamic] ==> ignore
    arg [-arch] ==> ignore
    arg [x86_64] ==> ignore
    arg [-macosx_version_min] ==> ignore
    arg [10.13.0] ==> ignore
    arg [-o] ==> ignore
    arg [cmTC_49eb1] ==> ignore
    arg [-search_paths_first] ==> ignore
    arg [-headerpad_max_install_names] ==> ignore
    arg [-v] ==> ignore
    arg [CMakeFiles/cmTC_49eb1.dir/CMakeCCompilerABI.c.o] ==> ignore
    arg [-lSystem] ==> lib [System]
    arg [/Library/Developer/CommandLineTools/usr/lib/clang/10.0.0/lib/darwin/libclang_rt.osx.a] ==> lib [/Library/Developer/CommandLineTools/usr/lib/clang/10.0.0/lib/darwin/libclang_rt.osx.a]
  Library search paths: [;/usr/lib;/usr/local/lib]
  Framework search paths: [;/Library/Frameworks/;/System/Library/Frameworks/]
  remove lib [System]
  remove lib [/Library/Developer/CommandLineTools/usr/lib/clang/10.0.0/lib/darwin/libclang_rt.osx.a]
  collapse library dir [/usr/lib] ==> [/usr/lib]
  collapse library dir [/usr/local/lib] ==> [/usr/local/lib]
  collapse framework dir [/Library/Frameworks/] ==> [/Library/Frameworks]
  collapse framework dir [/System/Library/Frameworks/] ==> [/System/Library/Frameworks]
  implicit libs: []
  implicit dirs: [/usr/lib;/usr/local/lib]
  implicit fwks: [/Library/Frameworks;/System/Library/Frameworks]




Detecting C [-std=c11] compiler features compiled with the following output:
Change Dir: /Users/stepanjakl/CLionProjects/aerofyt-clion-platformio-project/cmake-build-debug/CMakeFiles/CMakeTmp

Run Build Command:"/usr/bin/make" "cmTC_92ebc/fast"
/Library/Developer/CommandLineTools/usr/bin/make -f CMakeFiles/cmTC_92ebc.dir/build.make CMakeFiles/cmTC_92ebc.dir/build
Building C object CMakeFiles/cmTC_92ebc.dir/feature_tests.c.o
/Library/Developer/CommandLineTools/usr/bin/cc   -std=c11 -o CMakeFiles/cmTC_92ebc.dir/feature_tests.c.o   -c /Users/stepanjakl/CLionProjects/aerofyt-clion-platformio-project/cmake-build-debug/CMakeFiles/feature_tests.c
Linking C executable cmTC_92ebc
"/Users/stepanjakl/Library/Application Support/JetBrains/Toolbox/apps/CLion/ch-0/191.6183.77/CLion.app/Contents/bin/cmake/mac/bin/cmake" -E cmake_link_script CMakeFiles/cmTC_92ebc.dir/link.txt --verbose=1
/Library/Developer/CommandLineTools/usr/bin/cc   -Wl,-search_paths_first -Wl,-headerpad_max_install_names   CMakeFiles/cmTC_92ebc.dir/feature_tests.c.o  -o cmTC_92ebc 


    Feature record: C_FEATURE:1c_function_prototypes
    Feature record: C_FEATURE:1c_restrict
    Feature record: C_FEATURE:1c_static_assert
    Feature record: C_FEATURE:1c_variadic_macros


Detecting C [-std=c99] compiler features compiled with the following output:
Change Dir: /Users/stepanjakl/CLionProjects/aerofyt-clion-platformio-project/cmake-build-debug/CMakeFiles/CMakeTmp

Run Build Command:"/usr/bin/make" "cmTC_47ea6/fast"
/Library/Developer/CommandLineTools/usr/bin/make -f CMakeFiles/cmTC_47ea6.dir/build.make CMakeFiles/cmTC_47ea6.dir/build
Building C object CMakeFiles/cmTC_47ea6.dir/feature_tests.c.o
/Library/Developer/CommandLineTools/usr/bin/cc   -std=c99 -o CMakeFiles/cmTC_47ea6.dir/feature_tests.c.o   -c /Users/stepanjakl/CLionProjects/aerofyt-clion-platformio-project/cmake-build-debug/CMakeFiles/feature_tests.c
Linking C executable cmTC_47ea6
"/Users/stepanjakl/Library/Application Support/JetBrains/Toolbox/apps/CLion/ch-0/191.6183.77/CLion.app/Contents/bin/cmake/mac/bin/cmake" -E cmake_link_script CMakeFiles/cmTC_47ea6.dir/link.txt --verbose=1
/Library/Developer/CommandLineTools/usr/bin/cc   -Wl,-search_paths_first -Wl,-headerpad_max_install_names   CMakeFiles/cmTC_47ea6.dir/feature_tests.c.o  -o cmTC_47ea6 


    Feature record: C_FEATURE:1c_function_prototypes
    Feature record: C_FEATURE:1c_restrict
    Feature record: C_FEATURE:0c_static_assert
    Feature record: C_FEATURE:1c_variadic_macros


Detecting C [-std=c90] compiler features compiled with the following output:
Change Dir: /Users/stepanjakl/CLionProjects/aerofyt-clion-platformio-project/cmake-build-debug/CMakeFiles/CMakeTmp

Run Build Command:"/usr/bin/make" "cmTC_e2b58/fast"
/Library/Developer/CommandLineTools/usr/bin/make -f CMakeFiles/cmTC_e2b58.dir/build.make CMakeFiles/cmTC_e2b58.dir/build
Building C object CMakeFiles/cmTC_e2b58.dir/feature_tests.c.o
/Library/Developer/CommandLineTools/usr/bin/cc   -std=c90 -o CMakeFiles/cmTC_e2b58.dir/feature_tests.c.o   -c /Users/stepanjakl/CLionProjects/aerofyt-clion-platformio-project/cmake-build-debug/CMakeFiles/feature_tests.c
Linking C executable cmTC_e2b58
"/Users/stepanjakl/Library/Application Support/JetBrains/Toolbox/apps/CLion/ch-0/191.6183.77/CLion.app/Contents/bin/cmake/mac/bin/cmake" -E cmake_link_script CMakeFiles/cmTC_e2b58.dir/link.txt --verbose=1
/Library/Developer/CommandLineTools/usr/bin/cc   -Wl,-search_paths_first -Wl,-headerpad_max_install_names   CMakeFiles/cmTC_e2b58.dir/feature_tests.c.o  -o cmTC_e2b58 


    Feature record: C_FEATURE:1c_function_prototypes
    Feature record: C_FEATURE:0c_restrict
    Feature record: C_FEATURE:0c_static_assert
    Feature record: C_FEATURE:0c_variadic_macros
Determining if the CXX compiler works passed with the following output:
Change Dir: /Users/stepanjakl/CLionProjects/aerofyt-clion-platformio-project/cmake-build-debug/CMakeFiles/CMakeTmp

Run Build Command:"/usr/bin/make" "cmTC_a97c2/fast"
/Library/Developer/CommandLineTools/usr/bin/make -f CMakeFiles/cmTC_a97c2.dir/build.make CMakeFiles/cmTC_a97c2.dir/build
Building CXX object CMakeFiles/cmTC_a97c2.dir/testCXXCompiler.cxx.o
/Library/Developer/CommandLineTools/usr/bin/c++     -o CMakeFiles/cmTC_a97c2.dir/testCXXCompiler.cxx.o -c /Users/stepanjakl/CLionProjects/aerofyt-clion-platformio-project/cmake-build-debug/CMakeFiles/CMakeTmp/testCXXCompiler.cxx
Linking CXX executable cmTC_a97c2
"/Users/stepanjakl/Library/Application Support/JetBrains/Toolbox/apps/CLion/ch-0/191.6183.77/CLion.app/Contents/bin/cmake/mac/bin/cmake" -E cmake_link_script CMakeFiles/cmTC_a97c2.dir/link.txt --verbose=1
/Library/Developer/CommandLineTools/usr/bin/c++    -Wl,-search_paths_first -Wl,-headerpad_max_install_names   CMakeFiles/cmTC_a97c2.dir/testCXXCompiler.cxx.o  -o cmTC_a97c2 


Detecting CXX compiler ABI info compiled with the following output:
Change Dir: /Users/stepanjakl/CLionProjects/aerofyt-clion-platformio-project/cmake-build-debug/CMakeFiles/CMakeTmp

Run Build Command:"/usr/bin/make" "cmTC_ad8c0/fast"
/Library/Developer/CommandLineTools/usr/bin/make -f CMakeFiles/cmTC_ad8c0.dir/build.make CMakeFiles/cmTC_ad8c0.dir/build
Building CXX object CMakeFiles/cmTC_ad8c0.dir/CMakeCXXCompilerABI.cpp.o
/Library/Developer/CommandLineTools/usr/bin/c++     -o CMakeFiles/cmTC_ad8c0.dir/CMakeCXXCompilerABI.cpp.o -c "/Users/stepanjakl/Library/Application Support/JetBrains/Toolbox/apps/CLion/ch-0/191.6183.77/CLion.app/Contents/bin/cmake/mac/share/cmake-3.13/Modules/CMakeCXXCompilerABI.cpp"
Linking CXX executable cmTC_ad8c0
"/Users/stepanjakl/Library/Application Support/JetBrains/Toolbox/apps/CLion/ch-0/191.6183.77/CLion.app/Contents/bin/cmake/mac/bin/cmake" -E cmake_link_script CMakeFiles/cmTC_ad8c0.dir/link.txt --verbose=1
/Library/Developer/CommandLineTools/usr/bin/c++    -Wl,-search_paths_first -Wl,-headerpad_max_install_names  -v -Wl,-v CMakeFiles/cmTC_ad8c0.dir/CMakeCXXCompilerABI.cpp.o  -o cmTC_ad8c0 
Apple LLVM version 10.0.0 (clang-1000.10.44.4)
Target: x86_64-apple-darwin17.7.0
Thread model: posix
InstalledDir: /Library/Developer/CommandLineTools/usr/bin
 "/Library/Developer/CommandLineTools/usr/bin/ld" -demangle -lto_library /Library/Developer/CommandLineTools/usr/lib/libLTO.dylib -dynamic -arch x86_64 -macosx_version_min 10.13.0 -o cmTC_ad8c0 -search_paths_first -headerpad_max_install_names -v CMakeFiles/cmTC_ad8c0.dir/CMakeCXXCompilerABI.cpp.o -lc++ -lSystem /Library/Developer/CommandLineTools/usr/lib/clang/10.0.0/lib/darwin/libclang_rt.osx.a
@(#)PROGRAM:ld  PROJECT:ld64-409.12
BUILD 17:47:51 Sep 25 2018
configured to support archs: armv6 armv7 armv7s arm64 i386 x86_64 x86_64h armv6m armv7k armv7m armv7em
Library search paths:
	/usr/lib
	/usr/local/lib
Framework search paths:
	/Library/Frameworks/
	/System/Library/Frameworks/


Parsed CXX implicit link information from above output:
  link line regex: [^( *|.*[/\])(ld|CMAKE_LINK_STARTFILE-NOTFOUND|([^/\]+-)?ld|collect2)[^/\]*( |$)]
  ignore line: [Change Dir: /Users/stepanjakl/CLionProjects/aerofyt-clion-platformio-project/cmake-build-debug/CMakeFiles/CMakeTmp]
  ignore line: []
  ignore line: [Run Build Command:"/usr/bin/make" "cmTC_ad8c0/fast"]
  ignore line: [/Library/Developer/CommandLineTools/usr/bin/make -f CMakeFiles/cmTC_ad8c0.dir/build.make CMakeFiles/cmTC_ad8c0.dir/build]
  ignore line: [Building CXX object CMakeFiles/cmTC_ad8c0.dir/CMakeCXXCompilerABI.cpp.o]
  ignore line: [/Library/Developer/CommandLineTools/usr/bin/c++     -o CMakeFiles/cmTC_ad8c0.dir/CMakeCXXCompilerABI.cpp.o -c "/Users/stepanjakl/Library/Application Support/JetBrains/Toolbox/apps/CLion/ch-0/191.6183.77/CLion.app/Contents/bin/cmake/mac/share/cmake-3.13/Modules/CMakeCXXCompilerABI.cpp"]
  ignore line: [Linking CXX executable cmTC_ad8c0]
  ignore line: ["/Users/stepanjakl/Library/Application Support/JetBrains/Toolbox/apps/CLion/ch-0/191.6183.77/CLion.app/Contents/bin/cmake/mac/bin/cmake" -E cmake_link_script CMakeFiles/cmTC_ad8c0.dir/link.txt --verbose=1]
  ignore line: [/Library/Developer/CommandLineTools/usr/bin/c++    -Wl,-search_paths_first -Wl,-headerpad_max_install_names  -v -Wl,-v CMakeFiles/cmTC_ad8c0.dir/CMakeCXXCompilerABI.cpp.o  -o cmTC_ad8c0 ]
  ignore line: [Apple LLVM version 10.0.0 (clang-1000.10.44.4)]
  ignore line: [Target: x86_64-apple-darwin17.7.0]
  ignore line: [Thread model: posix]
  ignore line: [InstalledDir: /Library/Developer/CommandLineTools/usr/bin]
  link line: [ "/Library/Developer/CommandLineTools/usr/bin/ld" -demangle -lto_library /Library/Developer/CommandLineTools/usr/lib/libLTO.dylib -dynamic -arch x86_64 -macosx_version_min 10.13.0 -o cmTC_ad8c0 -search_paths_first -headerpad_max_install_names -v CMakeFiles/cmTC_ad8c0.dir/CMakeCXXCompilerABI.cpp.o -lc++ -lSystem /Library/Developer/CommandLineTools/usr/lib/clang/10.0.0/lib/darwin/libclang_rt.osx.a]
    arg [/Library/Developer/CommandLineTools/usr/bin/ld] ==> ignore
    arg [-demangle] ==> ignore
    arg [-lto_library] ==> ignore, skip following value
    arg [/Library/Developer/CommandLineTools/usr/lib/libLTO.dylib] ==> skip value of -lto_library
    arg [-dynamic] ==> ignore
    arg [-arch] ==> ignore
    arg [x86_64] ==> ignore
    arg [-macosx_version_min] ==> ignore
    arg [10.13.0] ==> ignore
    arg [-o] ==> ignore
    arg [cmTC_ad8c0] ==> ignore
    arg [-search_paths_first] ==> ignore
    arg [-headerpad_max_install_names] ==> ignore
    arg [-v] ==> ignore
    arg [CMakeFiles/cmTC_ad8c0.dir/CMakeCXXCompilerABI.cpp.o] ==> ignore
    arg [-lc++] ==> lib [c++]
    arg [-lSystem] ==> lib [System]
    arg [/Library/Developer/CommandLineTools/usr/lib/clang/10.0.0/lib/darwin/libclang_rt.osx.a] ==> lib [/Library/Developer/CommandLineTools/usr/lib/clang/10.0.0/lib/darwin/libclang_rt.osx.a]
  Library search paths: [;/usr/lib;/usr/local/lib]
  Framework search paths: [;/Library/Frameworks/;/System/Library/Frameworks/]
  remove lib [System]
  remove lib [/Library/Developer/CommandLineTools/usr/lib/clang/10.0.0/lib/darwin/libclang_rt.osx.a]
  collapse library dir [/usr/lib] ==> [/usr/lib]
  collapse library dir [/usr/local/lib] ==> [/usr/local/lib]
  collapse framework dir [/Library/Frameworks/] ==> [/Library/Frameworks]
  collapse framework dir [/System/Library/Frameworks/] ==> [/System/Library/Frameworks]
  implicit libs: [c++]
  implicit dirs: [/usr/lib;/usr/local/lib]
  implicit fwks: [/Library/Frameworks;/System/Library/Frameworks]




Detecting CXX [-std=c++1z] compiler features compiled with the following output:
Change Dir: /Users/stepanjakl/CLionProjects/aerofyt-clion-platformio-project/cmake-build-debug/CMakeFiles/CMakeTmp

Run Build Command:"/usr/bin/make" "cmTC_13901/fast"
/Library/Developer/CommandLineTools/usr/bin/make -f CMakeFiles/cmTC_13901.dir/build.make CMakeFiles/cmTC_13901.dir/build
Building CXX object CMakeFiles/cmTC_13901.dir/feature_tests.cxx.o
/Library/Developer/CommandLineTools/usr/bin/c++    -std=c++1z -o CMakeFiles/cmTC_13901.dir/feature_tests.cxx.o -c /Users/stepanjakl/CLionProjects/aerofyt-clion-platformio-project/cmake-build-debug/CMakeFiles/feature_tests.cxx
Linking CXX executable cmTC_13901
"/Users/stepanjakl/Library/Application Support/JetBrains/Toolbox/apps/CLion/ch-0/191.6183.77/CLion.app/Contents/bin/cmake/mac/bin/cmake" -E cmake_link_script CMakeFiles/cmTC_13901.dir/link.txt --verbose=1
/Library/Developer/CommandLineTools/usr/bin/c++    -Wl,-search_paths_first -Wl,-headerpad_max_install_names   CMakeFiles/cmTC_13901.dir/feature_tests.cxx.o  -o cmTC_13901 


    Feature record: CXX_FEATURE:1cxx_aggregate_default_initializers
    Feature record: CXX_FEATURE:1cxx_alias_templates
    Feature record: CXX_FEATURE:1cxx_alignas
    Feature record: CXX_FEATURE:1cxx_alignof
    Feature record: CXX_FEATURE:1cxx_attributes
    Feature record: CXX_FEATURE:1cxx_attribute_deprecated
    Feature record: CXX_FEATURE:1cxx_auto_type
    Feature record: CXX_FEATURE:1cxx_binary_literals
    Feature record: CXX_FEATURE:1cxx_constexpr
    Feature record: CXX_FEATURE:1cxx_contextual_conversions
    Feature record: CXX_FEATURE:1cxx_decltype
    Feature record: CXX_FEATURE:1cxx_decltype_auto
    Feature record: CXX_FEATURE:1cxx_decltype_incomplete_return_types
    Feature record: CXX_FEATURE:1cxx_default_function_template_args
    Feature record: CXX_FEATURE:1cxx_defaulted_functions
    Feature record: CXX_FEATURE:1cxx_defaulted_move_initializers
    Feature record: CXX_FEATURE:1cxx_delegating_constructors
    Feature record: CXX_FEATURE:1cxx_deleted_functions
    Feature record: CXX_FEATURE:1cxx_digit_separators
    Feature record: CXX_FEATURE:1cxx_enum_forward_declarations
    Feature record: CXX_FEATURE:1cxx_explicit_conversions
    Feature record: CXX_FEATURE:1cxx_extended_friend_declarations
    Feature record: CXX_FEATURE:1cxx_extern_templates
    Feature record: CXX_FEATURE:1cxx_final
    Feature record: CXX_FEATURE:1cxx_func_identifier
    Feature record: CXX_FEATURE:1cxx_generalized_initializers
    Feature record: CXX_FEATURE:1cxx_generic_lambdas
    Feature record: CXX_FEATURE:1cxx_inheriting_constructors
    Feature record: CXX_FEATURE:1cxx_inline_namespaces
    Feature record: CXX_FEATURE:1cxx_lambdas
    Feature record: CXX_FEATURE:1cxx_lambda_init_captures
    Feature record: CXX_FEATURE:1cxx_local_type_template_args
    Feature record: CXX_FEATURE:1cxx_long_long_type
    Feature record: CXX_FEATURE:1cxx_noexcept
    Feature record: CXX_FEATURE:1cxx_nonstatic_member_init
    Feature record: CXX_FEATURE:1cxx_nullptr
    Feature record: CXX_FEATURE:1cxx_override
    Feature record: CXX_FEATURE:1cxx_range_for
    Feature record: CXX_FEATURE:1cxx_raw_string_literals
    Feature record: CXX_FEATURE:1cxx_reference_qualified_functions
    Feature record: CXX_FEATURE:1cxx_relaxed_constexpr
    Feature record: CXX_FEATURE:1cxx_return_type_deduction
    Feature record: CXX_FEATURE:1cxx_right_angle_brackets
    Feature record: CXX_FEATURE:1cxx_rvalue_references
    Feature record: CXX_FEATURE:1cxx_sizeof_member
    Feature record: CXX_FEATURE:1cxx_static_assert
    Feature record: CXX_FEATURE:1cxx_strong_enums
    Feature record: CXX_FEATURE:1cxx_template_template_parameters
    Feature record: CXX_FEATURE:1cxx_thread_local
    Feature record: CXX_FEATURE:1cxx_trailing_return_types
    Feature record: CXX_FEATURE:1cxx_unicode_literals
    Feature record: CXX_FEATURE:1cxx_uniform_initialization
    Feature record: CXX_FEATURE:1cxx_unrestricted_unions
    Feature record: CXX_FEATURE:1cxx_user_literals
    Feature record: CXX_FEATURE:1cxx_variable_templates
    Feature record: CXX_FEATURE:1cxx_variadic_macros
    Feature record: CXX_FEATURE:1cxx_variadic_templates


Detecting CXX [-std=c++14] compiler features compiled with the following output:
Change Dir: /Users/stepanjakl/CLionProjects/aerofyt-clion-platformio-project/cmake-build-debug/CMakeFiles/CMakeTmp

Run Build Command:"/usr/bin/make" "cmTC_f5d00/fast"
/Library/Developer/CommandLineTools/usr/bin/make -f CMakeFiles/cmTC_f5d00.dir/build.make CMakeFiles/cmTC_f5d00.dir/build
Building CXX object CMakeFiles/cmTC_f5d00.dir/feature_tests.cxx.o
/Library/Developer/CommandLineTools/usr/bin/c++    -std=c++14 -o CMakeFiles/cmTC_f5d00.dir/feature_tests.cxx.o -c /Users/stepanjakl/CLionProjects/aerofyt-clion-platformio-project/cmake-build-debug/CMakeFiles/feature_tests.cxx
Linking CXX executable cmTC_f5d00
"/Users/stepanjakl/Library/Application Support/JetBrains/Toolbox/apps/CLion/ch-0/191.6183.77/CLion.app/Contents/bin/cmake/mac/bin/cmake" -E cmake_link_script CMakeFiles/cmTC_f5d00.dir/link.txt --verbose=1
/Library/Developer/CommandLineTools/usr/bin/c++    -Wl,-search_paths_first -Wl,-headerpad_max_install_names   CMakeFiles/cmTC_f5d00.dir/feature_tests.cxx.o  -o cmTC_f5d00 


    Feature record: CXX_FEATURE:1cxx_aggregate_default_initializers
    Feature record: CXX_FEATURE:1cxx_alias_templates
    Feature record: CXX_FEATURE:1cxx_alignas
    Feature record: CXX_FEATURE:1cxx_alignof
    Feature record: CXX_FEATURE:1cxx_attributes
    Feature record: CXX_FEATURE:1cxx_attribute_deprecated
    Feature record: CXX_FEATURE:1cxx_auto_type
    Feature record: CXX_FEATURE:1cxx_binary_literals
    Feature record: CXX_FEATURE:1cxx_constexpr
    Feature record: CXX_FEATURE:1cxx_contextual_conversions
    Feature record: CXX_FEATURE:1cxx_decltype
    Feature record: CXX_FEATURE:1cxx_decltype_auto
    Feature record: CXX_FEATURE:1cxx_decltype_incomplete_return_types
    Feature record: CXX_FEATURE:1cxx_default_function_template_args
    Feature record: CXX_FEATURE:1cxx_defaulted_functions
    Feature record: CXX_FEATURE:1cxx_defaulted_move_initializers
    Feature record: CXX_FEATURE:1cxx_delegating_constructors
    Feature record: CXX_FEATURE:1cxx_deleted_functions
    Feature record: CXX_FEATURE:1cxx_digit_separators
    Feature record: CXX_FEATURE:1cxx_enum_forward_declarations
    Feature record: CXX_FEATURE:1cxx_explicit_conversions
    Feature record: CXX_FEATURE:1cxx_extended_friend_declarations
    Feature record: CXX_FEATURE:1cxx_extern_templates
    Feature record: CXX_FEATURE:1cxx_final
    Feature record: CXX_FEATURE:1cxx_func_identifier
    Feature record: CXX_FEATURE:1cxx_generalized_initializers
    Feature record: CXX_FEATURE:1cxx_generic_lambdas
    Feature record: CXX_FEATURE:1cxx_inheriting_constructors
    Feature record: CXX_FEATURE:1cxx_inline_namespaces
    Feature record: CXX_FEATURE:1cxx_lambdas
    Feature record: CXX_FEATURE:1cxx_lambda_init_captures
    Feature record: CXX_FEATURE:1cxx_local_type_template_args
    Feature record: CXX_FEATURE:1cxx_long_long_type
    Feature record: CXX_FEATURE:1cxx_noexcept
    Feature record: CXX_FEATURE:1cxx_nonstatic_member_init
    Feature record: CXX_FEATURE:1cxx_nullptr
    Feature record: CXX_FEATURE:1cxx_override
    Feature record: CXX_FEATURE:1cxx_range_for
    Feature record: CXX_FEATURE:1cxx_raw_string_literals
    Feature record: CXX_FEATURE:1cxx_reference_qualified_functions
    Feature record: CXX_FEATURE:1cxx_relaxed_constexpr
    Feature record: CXX_FEATURE:1cxx_return_type_deduction
    Feature record: CXX_FEATURE:1cxx_right_angle_brackets
    Feature record: CXX_FEATURE:1cxx_rvalue_references
    Feature record: CXX_FEATURE:1cxx_sizeof_member
    Feature record: CXX_FEATURE:1cxx_static_assert
    Feature record: CXX_FEATURE:1cxx_strong_enums
    Feature record: CXX_FEATURE:1cxx_template_template_parameters
    Feature record: CXX_FEATURE:1cxx_thread_local
    Feature record: CXX_FEATURE:1cxx_trailing_return_types
    Feature record: CXX_FEATURE:1cxx_unicode_literals
    Feature record: CXX_FEATURE:1cxx_uniform_initialization
    Feature record: CXX_FEATURE:1cxx_unrestricted_unions
    Feature record: CXX_FEATURE:1cxx_user_literals
    Feature record: CXX_FEATURE:1cxx_variable_templates
    Feature record: CXX_FEATURE:1cxx_variadic_macros
    Feature record: CXX_FEATURE:1cxx_variadic_templates


Detecting CXX [-std=c++11] compiler features compiled with the following output:
Change Dir: /Users/stepanjakl/CLionProjects/aerofyt-clion-platformio-project/cmake-build-debug/CMakeFiles/CMakeTmp

Run Build Command:"/usr/bin/make" "cmTC_2ae22/fast"
/Library/Developer/CommandLineTools/usr/bin/make -f CMakeFiles/cmTC_2ae22.dir/build.make CMakeFiles/cmTC_2ae22.dir/build
Building CXX object CMakeFiles/cmTC_2ae22.dir/feature_tests.cxx.o
/Library/Developer/CommandLineTools/usr/bin/c++    -std=c++11 -o CMakeFiles/cmTC_2ae22.dir/feature_tests.cxx.o -c /Users/stepanjakl/CLionProjects/aerofyt-clion-platformio-project/cmake-build-debug/CMakeFiles/feature_tests.cxx
Linking CXX executable cmTC_2ae22
"/Users/stepanjakl/Library/Application Support/JetBrains/Toolbox/apps/CLion/ch-0/191.6183.77/CLion.app/Contents/bin/cmake/mac/bin/cmake" -E cmake_link_script CMakeFiles/cmTC_2ae22.dir/link.txt --verbose=1
/Library/Developer/CommandLineTools/usr/bin/c++    -Wl,-search_paths_first -Wl,-headerpad_max_install_names   CMakeFiles/cmTC_2ae22.dir/feature_tests.cxx.o  -o cmTC_2ae22 


    Feature record: CXX_FEATURE:0cxx_aggregate_default_initializers
    Feature record: CXX_FEATURE:1cxx_alias_templates
    Feature record: CXX_FEATURE:1cxx_alignas
    Feature record: CXX_FEATURE:1cxx_alignof
    Feature record: CXX_FEATURE:1cxx_attributes
    Feature record: CXX_FEATURE:0cxx_attribute_deprecated
    Feature record: CXX_FEATURE:1cxx_auto_type
    Feature record: CXX_FEATURE:0cxx_binary_literals
    Feature record: CXX_FEATURE:1cxx_constexpr
    Feature record: CXX_FEATURE:0cxx_contextual_conversions
    Feature record: CXX_FEATURE:1cxx_decltype
    Feature record: CXX_FEATURE:0cxx_decltype_auto
    Feature record: CXX_FEATURE:1cxx_decltype_incomplete_return_types
    Feature record: CXX_FEATURE:1cxx_default_function_template_args
    Feature record: CXX_FEATURE:1cxx_defaulted_functions
    Feature record: CXX_FEATURE:1cxx_defaulted_move_initializers
    Feature record: CXX_FEATURE:1cxx_delegating_constructors
    Feature record: CXX_FEATURE:1cxx_deleted_functions
    Feature record: CXX_FEATURE:0cxx_digit_separators
    Feature record: CXX_FEATURE:1cxx_enum_forward_declarations
    Feature record: CXX_FEATURE:1cxx_explicit_conversions
    Feature record: CXX_FEATURE:1cxx_extended_friend_declarations
    Feature record: CXX_FEATURE:1cxx_extern_templates
    Feature record: CXX_FEATURE:1cxx_final
    Feature record: CXX_FEATURE:1cxx_func_identifier
    Feature record: CXX_FEATURE:1cxx_generalized_initializers
    Feature record: CXX_FEATURE:0cxx_generic_lambdas
    Feature record: CXX_FEATURE:1cxx_inheriting_constructors
    Feature record: CXX_FEATURE:1cxx_inline_namespaces
    Feature record: CXX_FEATURE:1cxx_lambdas
    Feature record: CXX_FEATURE:0cxx_lambda_init_captures
    Feature record: CXX_FEATURE:1cxx_local_type_template_args
    Feature record: CXX_FEATURE:1cxx_long_long_type
    Feature record: CXX_FEATURE:1cxx_noexcept
    Feature record: CXX_FEATURE:1cxx_nonstatic_member_init
    Feature record: CXX_FEATURE:1cxx_nullptr
    Feature record: CXX_FEATURE:1cxx_override
    Feature record: CXX_FEATURE:1cxx_range_for
    Feature record: CXX_FEATURE:1cxx_raw_string_literals
    Feature record: CXX_FEATURE:1cxx_reference_qualified_functions
    Feature record: CXX_FEATURE:0cxx_relaxed_constexpr
    Feature record: CXX_FEATURE:0cxx_return_type_deduction
    Feature record: CXX_FEATURE:1cxx_right_angle_brackets
    Feature record: CXX_FEATURE:1cxx_rvalue_references
    Feature record: CXX_FEATURE:1cxx_sizeof_member
    Feature record: CXX_FEATURE:1cxx_static_assert
    Feature record: CXX_FEATURE:1cxx_strong_enums
    Feature record: CXX_FEATURE:1cxx_template_template_parameters
    Feature record: CXX_FEATURE:1cxx_thread_local
    Feature record: CXX_FEATURE:1cxx_trailing_return_types
    Feature record: CXX_FEATURE:1cxx_unicode_literals
    Feature record: CXX_FEATURE:1cxx_uniform_initialization
    Feature record: CXX_FEATURE:1cxx_unrestricted_unions
    Feature record: CXX_FEATURE:1cxx_user_literals
    Feature record: CXX_FEATURE:0cxx_variable_templates
    Feature record: CXX_FEATURE:1cxx_variadic_macros
    Feature record: CXX_FEATURE:1cxx_variadic_templates


Detecting CXX [-std=c++98] compiler features compiled with the following output:
Change Dir: /Users/stepanjakl/CLionProjects/aerofyt-clion-platformio-project/cmake-build-debug/CMakeFiles/CMakeTmp

Run Build Command:"/usr/bin/make" "cmTC_de3e5/fast"
/Library/Developer/CommandLineTools/usr/bin/make -f CMakeFiles/cmTC_de3e5.dir/build.make CMakeFiles/cmTC_de3e5.dir/build
Building CXX object CMakeFiles/cmTC_de3e5.dir/feature_tests.cxx.o
/Library/Developer/CommandLineTools/usr/bin/c++    -std=c++98 -o CMakeFiles/cmTC_de3e5.dir/feature_tests.cxx.o -c /Users/stepanjakl/CLionProjects/aerofyt-clion-platformio-project/cmake-build-debug/CMakeFiles/feature_tests.cxx
Linking CXX executable cmTC_de3e5
"/Users/stepanjakl/Library/Application Support/JetBrains/Toolbox/apps/CLion/ch-0/191.6183.77/CLion.app/Contents/bin/cmake/mac/bin/cmake" -E cmake_link_script CMakeFiles/cmTC_de3e5.dir/link.txt --verbose=1
/Library/Developer/CommandLineTools/usr/bin/c++    -Wl,-search_paths_first -Wl,-headerpad_max_install_names   CMakeFiles/cmTC_de3e5.dir/feature_tests.cxx.o  -o cmTC_de3e5 


    Feature record: CXX_FEATURE:0cxx_aggregate_default_initializers
    Feature record: CXX_FEATURE:0cxx_alias_templates
    Feature record: CXX_FEATURE:0cxx_alignas
    Feature record: CXX_FEATURE:0cxx_alignof
    Feature record: CXX_FEATURE:0cxx_attributes
    Feature record: CXX_FEATURE:0cxx_attribute_deprecated
    Feature record: CXX_FEATURE:0cxx_auto_type
    Feature record: CXX_FEATURE:0cxx_binary_literals
    Feature record: CXX_FEATURE:0cxx_constexpr
    Feature record: CXX_FEATURE:0cxx_contextual_conversions
    Feature record: CXX_FEATURE:0cxx_decltype
    Feature record: CXX_FEATURE:0cxx_decltype_auto
    Feature record: CXX_FEATURE:0cxx_decltype_incomplete_return_types
    Feature record: CXX_FEATURE:0cxx_default_function_template_args
    Feature record: CXX_FEATURE:0cxx_defaulted_functions
    Feature record: CXX_FEATURE:0cxx_defaulted_move_initializers
    Feature record: CXX_FEATURE:0cxx_delegating_constructors
    Feature record: CXX_FEATURE:0cxx_deleted_functions
    Feature record: CXX_FEATURE:0cxx_digit_separators
    Feature record: CXX_FEATURE:0cxx_enum_forward_declarations
    Feature record: CXX_FEATURE:0cxx_explicit_conversions
    Feature record: CXX_FEATURE:0cxx_extended_friend_declarations
    Feature record: CXX_FEATURE:0cxx_extern_templates
    Feature record: CXX_FEATURE:0cxx_final
    Feature record: CXX_FEATURE:0cxx_func_identifier
    Feature record: CXX_FEATURE:0cxx_generalized_initializers
    Feature record: CXX_FEATURE:0cxx_generic_lambdas
    Feature record: CXX_FEATURE:0cxx_inheriting_constructors
    Feature record: CXX_FEATURE:0cxx_inline_namespaces
    Feature record: CXX_FEATURE:0cxx_lambdas
    Feature record: CXX_FEATURE:0cxx_lambda_init_captures
    Feature record: CXX_FEATURE:0cxx_local_type_template_args
    Feature record: CXX_FEATURE:0cxx_long_long_type
    Feature record: CXX_FEATURE:0cxx_noexcept
    Feature record: CXX_FEATURE:0cxx_nonstatic_member_init
    Feature record: CXX_FEATURE:0cxx_nullptr
    Feature record: CXX_FEATURE:0cxx_override
    Feature record: CXX_FEATURE:0cxx_range_for
    Feature record: CXX_FEATURE:0cxx_raw_string_literals
    Feature record: CXX_FEATURE:0cxx_reference_qualified_functions
    Feature record: CXX_FEATURE:0cxx_relaxed_constexpr
    Feature record: CXX_FEATURE:0cxx_return_type_deduction
    Feature record: CXX_FEATURE:0cxx_right_angle_brackets
    Feature record: CXX_FEATURE:0cxx_rvalue_references
    Feature record: CXX_FEATURE:0cxx_sizeof_member
    Feature record: CXX_FEATURE:0cxx_static_assert
    Feature record: CXX_FEATURE:0cxx_strong_enums
    Feature record: CXX_FEATURE:1cxx_template_template_parameters
    Feature record: CXX_FEATURE:0cxx_thread_local
    Feature record: CXX_FEATURE:0cxx_trailing_return_types
    Feature record: CXX_FEATURE:0cxx_unicode_literals
    Feature record: CXX_FEATURE:0cxx_uniform_initialization
    Feature record: CXX_FEATURE:0cxx_unrestricted_unions
    Feature record: CXX_FEATURE:0cxx_user_literals
    Feature record: CXX_FEATURE:0cxx_variable_templates
    Feature record: CXX_FEATURE:0cxx_variadic_macros
    Feature record: CXX_FEATURE:0cxx_variadic_templates
The system is: Darwin - 17.7.0 - x86_64
Compiling the C compiler identification source file "CMakeCCompilerId.c" succeeded.
Compiler: /Library/Developer/CommandLineTools/usr/bin/cc 
Build flags: 
Id flags:  

The output was:
0


Compilation of the C compiler identification source "CMakeCCompilerId.c" produced "a.out"

The C compiler identification is AppleClang, found in "/Users/stepanjakl/CLionProjects/aerofyt-clion-platformio-project/cmake-build-debug/CMakeFiles/3.14.2/CompilerIdC/a.out"

Compiling the CXX compiler identification source file "CMakeCXXCompilerId.cpp" succeeded.
Compiler: /Library/Developer/CommandLineTools/usr/bin/c++ 
Build flags: 
Id flags:  

The output was:
0


Compilation of the CXX compiler identification source "CMakeCXXCompilerId.cpp" produced "a.out"

The CXX compiler identification is AppleClang, found in "/Users/stepanjakl/CLionProjects/aerofyt-clion-platformio-project/cmake-build-debug/CMakeFiles/3.14.2/CompilerIdCXX/a.out"

Determining if the C compiler works passed with the following output:
Change Dir: /Users/stepanjakl/CLionProjects/aerofyt-clion-platformio-project/cmake-build-debug/CMakeFiles/CMakeTmp

Run Build Command(s):/usr/bin/make cmTC_b9aa4/fast 
/Library/Developer/CommandLineTools/usr/bin/make -f CMakeFiles/cmTC_b9aa4.dir/build.make CMakeFiles/cmTC_b9aa4.dir/build
Building C object CMakeFiles/cmTC_b9aa4.dir/testCCompiler.c.o
/Library/Developer/CommandLineTools/usr/bin/cc    -o CMakeFiles/cmTC_b9aa4.dir/testCCompiler.c.o   -c /Users/stepanjakl/CLionProjects/aerofyt-clion-platformio-project/cmake-build-debug/CMakeFiles/CMakeTmp/testCCompiler.c
Linking C executable cmTC_b9aa4
"/Users/stepanjakl/Library/Application Support/JetBrains/Toolbox/apps/CLion/ch-0/191.6707.69/CLion.app/Contents/bin/cmake/mac/bin/cmake" -E cmake_link_script CMakeFiles/cmTC_b9aa4.dir/link.txt --verbose=1
/Library/Developer/CommandLineTools/usr/bin/cc   -Wl,-search_paths_first -Wl,-headerpad_max_install_names   CMakeFiles/cmTC_b9aa4.dir/testCCompiler.c.o  -o cmTC_b9aa4 


Detecting C compiler ABI info compiled with the following output:
Change Dir: /Users/stepanjakl/CLionProjects/aerofyt-clion-platformio-project/cmake-build-debug/CMakeFiles/CMakeTmp

Run Build Command(s):/usr/bin/make cmTC_4eb00/fast 
/Library/Developer/CommandLineTools/usr/bin/make -f CMakeFiles/cmTC_4eb00.dir/build.make CMakeFiles/cmTC_4eb00.dir/build
Building C object CMakeFiles/cmTC_4eb00.dir/CMakeCCompilerABI.c.o
/Library/Developer/CommandLineTools/usr/bin/cc   -v -Wl,-v -o CMakeFiles/cmTC_4eb00.dir/CMakeCCompilerABI.c.o   -c "/Users/stepanjakl/Library/Application Support/JetBrains/Toolbox/apps/CLion/ch-0/191.6707.69/CLion.app/Contents/bin/cmake/mac/share/cmake-3.14/Modules/CMakeCCompilerABI.c"
Apple LLVM version 10.0.0 (clang-1000.10.44.4)
Target: x86_64-apple-darwin17.7.0
Thread model: posix
InstalledDir: /Library/Developer/CommandLineTools/usr/bin
clang: warning: -Wl,-v: 'linker' input unused [-Wunused-command-line-argument]
 "/Library/Developer/CommandLineTools/usr/bin/clang" -cc1 -triple x86_64-apple-macosx10.13.0 -Wdeprecated-objc-isa-usage -Werror=deprecated-objc-isa-usage -emit-obj -mrelax-all -disable-free -disable-llvm-verifier -discard-value-names -main-file-name CMakeCCompilerABI.c -mrelocation-model pic -pic-level 2 -mthread-model posix -mdisable-fp-elim -fno-strict-return -masm-verbose -munwind-tables -target-cpu penryn -dwarf-column-info -debugger-tuning=lldb -target-linker-version 409.12 -v -coverage-notes-file /Users/stepanjakl/CLionProjects/aerofyt-clion-platformio-project/cmake-build-debug/CMakeFiles/CMakeTmp/CMakeFiles/cmTC_4eb00.dir/CMakeCCompilerABI.c.gcno -resource-dir /Library/Developer/CommandLineTools/usr/lib/clang/10.0.0 -fdebug-compilation-dir /Users/stepanjakl/CLionProjects/aerofyt-clion-platformio-project/cmake-build-debug/CMakeFiles/CMakeTmp -ferror-limit 19 -fmessage-length 0 -stack-protector 1 -fblocks -fencode-extended-block-signature -fobjc-runtime=macosx-10.13.0 -fmax-type-align=16 -fdiagnostics-show-option -o CMakeFiles/cmTC_4eb00.dir/CMakeCCompilerABI.c.o -x c /Users/stepanjakl/Library/Application Support/JetBrains/Toolbox/apps/CLion/ch-0/191.6707.69/CLion.app/Contents/bin/cmake/mac/share/cmake-3.14/Modules/CMakeCCompilerABI.c
clang -cc1 version 10.0.0 (clang-1000.10.44.4) default target x86_64-apple-darwin17.7.0
#include "..." search starts here:
#include <...> search starts here:
 /usr/local/include
 /Library/Developer/CommandLineTools/usr/lib/clang/10.0.0/include
 /Library/Developer/CommandLineTools/usr/include
 /usr/include
 /System/Library/Frameworks (framework directory)
 /Library/Frameworks (framework directory)
End of search list.
Linking C executable cmTC_4eb00
"/Users/stepanjakl/Library/Application Support/JetBrains/Toolbox/apps/CLion/ch-0/191.6707.69/CLion.app/Contents/bin/cmake/mac/bin/cmake" -E cmake_link_script CMakeFiles/cmTC_4eb00.dir/link.txt --verbose=1
/Library/Developer/CommandLineTools/usr/bin/cc   -Wl,-search_paths_first -Wl,-headerpad_max_install_names  -v -Wl,-v CMakeFiles/cmTC_4eb00.dir/CMakeCCompilerABI.c.o  -o cmTC_4eb00 
Apple LLVM version 10.0.0 (clang-1000.10.44.4)
Target: x86_64-apple-darwin17.7.0
Thread model: posix
InstalledDir: /Library/Developer/CommandLineTools/usr/bin
 "/Library/Developer/CommandLineTools/usr/bin/ld" -demangle -lto_library /Library/Developer/CommandLineTools/usr/lib/libLTO.dylib -dynamic -arch x86_64 -macosx_version_min 10.13.0 -o cmTC_4eb00 -search_paths_first -headerpad_max_install_names -v CMakeFiles/cmTC_4eb00.dir/CMakeCCompilerABI.c.o -lSystem /Library/Developer/CommandLineTools/usr/lib/clang/10.0.0/lib/darwin/libclang_rt.osx.a
@(#)PROGRAM:ld  PROJECT:ld64-409.12
BUILD 17:47:51 Sep 25 2018
configured to support archs: armv6 armv7 armv7s arm64 i386 x86_64 x86_64h armv6m armv7k armv7m armv7em
Library search paths:
	/usr/lib
	/usr/local/lib
Framework search paths:
	/Library/Frameworks/
	/System/Library/Frameworks/


Parsed C implicit include dir info from above output: rv=done
  found start of include info
  found start of implicit include info
    add: [/usr/local/include]
    add: [/Library/Developer/CommandLineTools/usr/lib/clang/10.0.0/include]
    add: [/Library/Developer/CommandLineTools/usr/include]
    add: [/usr/include]
  end of search list found
  collapse include dir [/usr/local/include] ==> [/usr/local/include]
  collapse include dir [/Library/Developer/CommandLineTools/usr/lib/clang/10.0.0/include] ==> [/Library/Developer/CommandLineTools/usr/lib/clang/10.0.0/include]
  collapse include dir [/Library/Developer/CommandLineTools/usr/include] ==> [/Library/Developer/CommandLineTools/usr/include]
  collapse include dir [/usr/include] ==> [/usr/include]
  implicit include dirs: [/usr/local/include;/Library/Developer/CommandLineTools/usr/lib/clang/10.0.0/include;/Library/Developer/CommandLineTools/usr/include;/usr/include]


Parsed C implicit link information from above output:
  link line regex: [^( *|.*[/\])(ld|CMAKE_LINK_STARTFILE-NOTFOUND|([^/\]+-)?ld|collect2)[^/\]*( |$)]
  ignore line: [Change Dir: /Users/stepanjakl/CLionProjects/aerofyt-clion-platformio-project/cmake-build-debug/CMakeFiles/CMakeTmp]
  ignore line: []
  ignore line: [Run Build Command(s):/usr/bin/make cmTC_4eb00/fast ]
  ignore line: [/Library/Developer/CommandLineTools/usr/bin/make -f CMakeFiles/cmTC_4eb00.dir/build.make CMakeFiles/cmTC_4eb00.dir/build]
  ignore line: [Building C object CMakeFiles/cmTC_4eb00.dir/CMakeCCompilerABI.c.o]
  ignore line: [/Library/Developer/CommandLineTools/usr/bin/cc   -v -Wl,-v -o CMakeFiles/cmTC_4eb00.dir/CMakeCCompilerABI.c.o   -c "/Users/stepanjakl/Library/Application Support/JetBrains/Toolbox/apps/CLion/ch-0/191.6707.69/CLion.app/Contents/bin/cmake/mac/share/cmake-3.14/Modules/CMakeCCompilerABI.c"]
  ignore line: [Apple LLVM version 10.0.0 (clang-1000.10.44.4)]
  ignore line: [Target: x86_64-apple-darwin17.7.0]
  ignore line: [Thread model: posix]
  ignore line: [InstalledDir: /Library/Developer/CommandLineTools/usr/bin]
  ignore line: [clang: warning: -Wl,-v: 'linker' input unused [-Wunused-command-line-argument]]
  ignore line: [ "/Library/Developer/CommandLineTools/usr/bin/clang" -cc1 -triple x86_64-apple-macosx10.13.0 -Wdeprecated-objc-isa-usage -Werror=deprecated-objc-isa-usage -emit-obj -mrelax-all -disable-free -disable-llvm-verifier -discard-value-names -main-file-name CMakeCCompilerABI.c -mrelocation-model pic -pic-level 2 -mthread-model posix -mdisable-fp-elim -fno-strict-return -masm-verbose -munwind-tables -target-cpu penryn -dwarf-column-info -debugger-tuning=lldb -target-linker-version 409.12 -v -coverage-notes-file /Users/stepanjakl/CLionProjects/aerofyt-clion-platformio-project/cmake-build-debug/CMakeFiles/CMakeTmp/CMakeFiles/cmTC_4eb00.dir/CMakeCCompilerABI.c.gcno -resource-dir /Library/Developer/CommandLineTools/usr/lib/clang/10.0.0 -fdebug-compilation-dir /Users/stepanjakl/CLionProjects/aerofyt-clion-platformio-project/cmake-build-debug/CMakeFiles/CMakeTmp -ferror-limit 19 -fmessage-length 0 -stack-protector 1 -fblocks -fencode-extended-block-signature -fobjc-runtime=macosx-10.13.0 -fmax-type-align=16 -fdiagnostics-show-option -o CMakeFiles/cmTC_4eb00.dir/CMakeCCompilerABI.c.o -x c /Users/stepanjakl/Library/Application Support/JetBrains/Toolbox/apps/CLion/ch-0/191.6707.69/CLion.app/Contents/bin/cmake/mac/share/cmake-3.14/Modules/CMakeCCompilerABI.c]
  ignore line: [clang -cc1 version 10.0.0 (clang-1000.10.44.4) default target x86_64-apple-darwin17.7.0]
  ignore line: [#include "..." search starts here:]
  ignore line: [#include <...> search starts here:]
  ignore line: [ /usr/local/include]
  ignore line: [ /Library/Developer/CommandLineTools/usr/lib/clang/10.0.0/include]
  ignore line: [ /Library/Developer/CommandLineTools/usr/include]
  ignore line: [ /usr/include]
  ignore line: [ /System/Library/Frameworks (framework directory)]
  ignore line: [ /Library/Frameworks (framework directory)]
  ignore line: [End of search list.]
  ignore line: [Linking C executable cmTC_4eb00]
  ignore line: ["/Users/stepanjakl/Library/Application Support/JetBrains/Toolbox/apps/CLion/ch-0/191.6707.69/CLion.app/Contents/bin/cmake/mac/bin/cmake" -E cmake_link_script CMakeFiles/cmTC_4eb00.dir/link.txt --verbose=1]
  ignore line: [/Library/Developer/CommandLineTools/usr/bin/cc   -Wl,-search_paths_first -Wl,-headerpad_max_install_names  -v -Wl,-v CMakeFiles/cmTC_4eb00.dir/CMakeCCompilerABI.c.o  -o cmTC_4eb00 ]
  ignore line: [Apple LLVM version 10.0.0 (clang-1000.10.44.4)]
  ignore line: [Target: x86_64-apple-darwin17.7.0]
  ignore line: [Thread model: posix]
  ignore line: [InstalledDir: /Library/Developer/CommandLineTools/usr/bin]
  link line: [ "/Library/Developer/CommandLineTools/usr/bin/ld" -demangle -lto_library /Library/Developer/CommandLineTools/usr/lib/libLTO.dylib -dynamic -arch x86_64 -macosx_version_min 10.13.0 -o cmTC_4eb00 -search_paths_first -headerpad_max_install_names -v CMakeFiles/cmTC_4eb00.dir/CMakeCCompilerABI.c.o -lSystem /Library/Developer/CommandLineTools/usr/lib/clang/10.0.0/lib/darwin/libclang_rt.osx.a]
    arg [/Library/Developer/CommandLineTools/usr/bin/ld] ==> ignore
    arg [-demangle] ==> ignore
    arg [-lto_library] ==> ignore, skip following value
    arg [/Library/Developer/CommandLineTools/usr/lib/libLTO.dylib] ==> skip value of -lto_library
    arg [-dynamic] ==> ignore
    arg [-arch] ==> ignore
    arg [x86_64] ==> ignore
    arg [-macosx_version_min] ==> ignore
    arg [10.13.0] ==> ignore
    arg [-o] ==> ignore
    arg [cmTC_4eb00] ==> ignore
    arg [-search_paths_first] ==> ignore
    arg [-headerpad_max_install_names] ==> ignore
    arg [-v] ==> ignore
    arg [CMakeFiles/cmTC_4eb00.dir/CMakeCCompilerABI.c.o] ==> ignore
    arg [-lSystem] ==> lib [System]
    arg [/Library/Developer/CommandLineTools/usr/lib/clang/10.0.0/lib/darwin/libclang_rt.osx.a] ==> lib [/Library/Developer/CommandLineTools/usr/lib/clang/10.0.0/lib/darwin/libclang_rt.osx.a]
  Library search paths: [;/usr/lib;/usr/local/lib]
  Framework search paths: [;/Library/Frameworks/;/System/Library/Frameworks/]
  remove lib [System]
  remove lib [/Library/Developer/CommandLineTools/usr/lib/clang/10.0.0/lib/darwin/libclang_rt.osx.a]
  collapse library dir [/usr/lib] ==> [/usr/lib]
  collapse library dir [/usr/local/lib] ==> [/usr/local/lib]
  collapse framework dir [/Library/Frameworks/] ==> [/Library/Frameworks]
  collapse framework dir [/System/Library/Frameworks/] ==> [/System/Library/Frameworks]
  implicit libs: []
  implicit dirs: [/usr/lib;/usr/local/lib]
  implicit fwks: [/Library/Frameworks;/System/Library/Frameworks]




Detecting C [-std=c11] compiler features compiled with the following output:
Change Dir: /Users/stepanjakl/CLionProjects/aerofyt-clion-platformio-project/cmake-build-debug/CMakeFiles/CMakeTmp

Run Build Command(s):/usr/bin/make cmTC_308d5/fast 
/Library/Developer/CommandLineTools/usr/bin/make -f CMakeFiles/cmTC_308d5.dir/build.make CMakeFiles/cmTC_308d5.dir/build
Building C object CMakeFiles/cmTC_308d5.dir/feature_tests.c.o
/Library/Developer/CommandLineTools/usr/bin/cc   -std=c11 -o CMakeFiles/cmTC_308d5.dir/feature_tests.c.o   -c /Users/stepanjakl/CLionProjects/aerofyt-clion-platformio-project/cmake-build-debug/CMakeFiles/feature_tests.c
Linking C executable cmTC_308d5
"/Users/stepanjakl/Library/Application Support/JetBrains/Toolbox/apps/CLion/ch-0/191.6707.69/CLion.app/Contents/bin/cmake/mac/bin/cmake" -E cmake_link_script CMakeFiles/cmTC_308d5.dir/link.txt --verbose=1
/Library/Developer/CommandLineTools/usr/bin/cc   -Wl,-search_paths_first -Wl,-headerpad_max_install_names   CMakeFiles/cmTC_308d5.dir/feature_tests.c.o  -o cmTC_308d5 


    Feature record: C_FEATURE:1c_function_prototypes
    Feature record: C_FEATURE:1c_restrict
    Feature record: C_FEATURE:1c_static_assert
    Feature record: C_FEATURE:1c_variadic_macros


Detecting C [-std=c99] compiler features compiled with the following output:
Change Dir: /Users/stepanjakl/CLionProjects/aerofyt-clion-platformio-project/cmake-build-debug/CMakeFiles/CMakeTmp

Run Build Command(s):/usr/bin/make cmTC_b2395/fast 
/Library/Developer/CommandLineTools/usr/bin/make -f CMakeFiles/cmTC_b2395.dir/build.make CMakeFiles/cmTC_b2395.dir/build
Building C object CMakeFiles/cmTC_b2395.dir/feature_tests.c.o
/Library/Developer/CommandLineTools/usr/bin/cc   -std=c99 -o CMakeFiles/cmTC_b2395.dir/feature_tests.c.o   -c /Users/stepanjakl/CLionProjects/aerofyt-clion-platformio-project/cmake-build-debug/CMakeFiles/feature_tests.c
Linking C executable cmTC_b2395
"/Users/stepanjakl/Library/Application Support/JetBrains/Toolbox/apps/CLion/ch-0/191.6707.69/CLion.app/Contents/bin/cmake/mac/bin/cmake" -E cmake_link_script CMakeFiles/cmTC_b2395.dir/link.txt --verbose=1
/Library/Developer/CommandLineTools/usr/bin/cc   -Wl,-search_paths_first -Wl,-headerpad_max_install_names   CMakeFiles/cmTC_b2395.dir/feature_tests.c.o  -o cmTC_b2395 


    Feature record: C_FEATURE:1c_function_prototypes
    Feature record: C_FEATURE:1c_restrict
    Feature record: C_FEATURE:0c_static_assert
    Feature record: C_FEATURE:1c_variadic_macros


Detecting C [-std=c90] compiler features compiled with the following output:
Change Dir: /Users/stepanjakl/CLionProjects/aerofyt-clion-platformio-project/cmake-build-debug/CMakeFiles/CMakeTmp

Run Build Command(s):/usr/bin/make cmTC_0fa3b/fast 
/Library/Developer/CommandLineTools/usr/bin/make -f CMakeFiles/cmTC_0fa3b.dir/build.make CMakeFiles/cmTC_0fa3b.dir/build
Building C object CMakeFiles/cmTC_0fa3b.dir/feature_tests.c.o
/Library/Developer/CommandLineTools/usr/bin/cc   -std=c90 -o CMakeFiles/cmTC_0fa3b.dir/feature_tests.c.o   -c /Users/stepanjakl/CLionProjects/aerofyt-clion-platformio-project/cmake-build-debug/CMakeFiles/feature_tests.c
Linking C executable cmTC_0fa3b
"/Users/stepanjakl/Library/Application Support/JetBrains/Toolbox/apps/CLion/ch-0/191.6707.69/CLion.app/Contents/bin/cmake/mac/bin/cmake" -E cmake_link_script CMakeFiles/cmTC_0fa3b.dir/link.txt --verbose=1
/Library/Developer/CommandLineTools/usr/bin/cc   -Wl,-search_paths_first -Wl,-headerpad_max_install_names   CMakeFiles/cmTC_0fa3b.dir/feature_tests.c.o  -o cmTC_0fa3b 


    Feature record: C_FEATURE:1c_function_prototypes
    Feature record: C_FEATURE:0c_restrict
    Feature record: C_FEATURE:0c_static_assert
    Feature record: C_FEATURE:0c_variadic_macros
Determining if the CXX compiler works passed with the following output:
Change Dir: /Users/stepanjakl/CLionProjects/aerofyt-clion-platformio-project/cmake-build-debug/CMakeFiles/CMakeTmp

Run Build Command(s):/usr/bin/make cmTC_be300/fast 
/Library/Developer/CommandLineTools/usr/bin/make -f CMakeFiles/cmTC_be300.dir/build.make CMakeFiles/cmTC_be300.dir/build
Building CXX object CMakeFiles/cmTC_be300.dir/testCXXCompiler.cxx.o
/Library/Developer/CommandLineTools/usr/bin/c++     -o CMakeFiles/cmTC_be300.dir/testCXXCompiler.cxx.o -c /Users/stepanjakl/CLionProjects/aerofyt-clion-platformio-project/cmake-build-debug/CMakeFiles/CMakeTmp/testCXXCompiler.cxx
Linking CXX executable cmTC_be300
"/Users/stepanjakl/Library/Application Support/JetBrains/Toolbox/apps/CLion/ch-0/191.6707.69/CLion.app/Contents/bin/cmake/mac/bin/cmake" -E cmake_link_script CMakeFiles/cmTC_be300.dir/link.txt --verbose=1
/Library/Developer/CommandLineTools/usr/bin/c++    -Wl,-search_paths_first -Wl,-headerpad_max_install_names   CMakeFiles/cmTC_be300.dir/testCXXCompiler.cxx.o  -o cmTC_be300 


Detecting CXX compiler ABI info compiled with the following output:
Change Dir: /Users/stepanjakl/CLionProjects/aerofyt-clion-platformio-project/cmake-build-debug/CMakeFiles/CMakeTmp

Run Build Command(s):/usr/bin/make cmTC_dcfc0/fast 
/Library/Developer/CommandLineTools/usr/bin/make -f CMakeFiles/cmTC_dcfc0.dir/build.make CMakeFiles/cmTC_dcfc0.dir/build
Building CXX object CMakeFiles/cmTC_dcfc0.dir/CMakeCXXCompilerABI.cpp.o
/Library/Developer/CommandLineTools/usr/bin/c++    -v -Wl,-v -o CMakeFiles/cmTC_dcfc0.dir/CMakeCXXCompilerABI.cpp.o -c "/Users/stepanjakl/Library/Application Support/JetBrains/Toolbox/apps/CLion/ch-0/191.6707.69/CLion.app/Contents/bin/cmake/mac/share/cmake-3.14/Modules/CMakeCXXCompilerABI.cpp"
Apple LLVM version 10.0.0 (clang-1000.10.44.4)
Target: x86_64-apple-darwin17.7.0
Thread model: posix
InstalledDir: /Library/Developer/CommandLineTools/usr/bin
clang: warning: -Wl,-v: 'linker' input unused [-Wunused-command-line-argument]
 "/Library/Developer/CommandLineTools/usr/bin/clang" -cc1 -triple x86_64-apple-macosx10.13.0 -Wdeprecated-objc-isa-usage -Werror=deprecated-objc-isa-usage -emit-obj -mrelax-all -disable-free -disable-llvm-verifier -discard-value-names -main-file-name CMakeCXXCompilerABI.cpp -mrelocation-model pic -pic-level 2 -mthread-model posix -mdisable-fp-elim -fno-strict-return -masm-verbose -munwind-tables -target-cpu penryn -dwarf-column-info -debugger-tuning=lldb -target-linker-version 409.12 -v -coverage-notes-file /Users/stepanjakl/CLionProjects/aerofyt-clion-platformio-project/cmake-build-debug/CMakeFiles/CMakeTmp/CMakeFiles/cmTC_dcfc0.dir/CMakeCXXCompilerABI.cpp.gcno -resource-dir /Library/Developer/CommandLineTools/usr/lib/clang/10.0.0 -stdlib=libc++ -fdeprecated-macro -fdebug-compilation-dir /Users/stepanjakl/CLionProjects/aerofyt-clion-platformio-project/cmake-build-debug/CMakeFiles/CMakeTmp -ferror-limit 19 -fmessage-length 0 -stack-protector 1 -fblocks -fencode-extended-block-signature -fobjc-runtime=macosx-10.13.0 -fcxx-exceptions -fexceptions -fmax-type-align=16 -fdiagnostics-show-option -o CMakeFiles/cmTC_dcfc0.dir/CMakeCXXCompilerABI.cpp.o -x c++ /Users/stepanjakl/Library/Application Support/JetBrains/Toolbox/apps/CLion/ch-0/191.6707.69/CLion.app/Contents/bin/cmake/mac/share/cmake-3.14/Modules/CMakeCXXCompilerABI.cpp
clang -cc1 version 10.0.0 (clang-1000.10.44.4) default target x86_64-apple-darwin17.7.0
ignoring nonexistent directory "/usr/include/c++/v1"
#include "..." search starts here:
#include <...> search starts here:
 /Library/Developer/CommandLineTools/usr/include/c++/v1
 /usr/local/include
 /Library/Developer/CommandLineTools/usr/lib/clang/10.0.0/include
 /Library/Developer/CommandLineTools/usr/include
 /usr/include
 /System/Library/Frameworks (framework directory)
 /Library/Frameworks (framework directory)
End of search list.
Linking CXX executable cmTC_dcfc0
"/Users/stepanjakl/Library/Application Support/JetBrains/Toolbox/apps/CLion/ch-0/191.6707.69/CLion.app/Contents/bin/cmake/mac/bin/cmake" -E cmake_link_script CMakeFiles/cmTC_dcfc0.dir/link.txt --verbose=1
/Library/Developer/CommandLineTools/usr/bin/c++    -Wl,-search_paths_first -Wl,-headerpad_max_install_names  -v -Wl,-v CMakeFiles/cmTC_dcfc0.dir/CMakeCXXCompilerABI.cpp.o  -o cmTC_dcfc0 
Apple LLVM version 10.0.0 (clang-1000.10.44.4)
Target: x86_64-apple-darwin17.7.0
Thread model: posix
InstalledDir: /Library/Developer/CommandLineTools/usr/bin
 "/Library/Developer/CommandLineTools/usr/bin/ld" -demangle -lto_library /Library/Developer/CommandLineTools/usr/lib/libLTO.dylib -dynamic -arch x86_64 -macosx_version_min 10.13.0 -o cmTC_dcfc0 -search_paths_first -headerpad_max_install_names -v CMakeFiles/cmTC_dcfc0.dir/CMakeCXXCompilerABI.cpp.o -lc++ -lSystem /Library/Developer/CommandLineTools/usr/lib/clang/10.0.0/lib/darwin/libclang_rt.osx.a
@(#)PROGRAM:ld  PROJECT:ld64-409.12
BUILD 17:47:51 Sep 25 2018
configured to support archs: armv6 armv7 armv7s arm64 i386 x86_64 x86_64h armv6m armv7k armv7m armv7em
Library search paths:
	/usr/lib
	/usr/local/lib
Framework search paths:
	/Library/Frameworks/
	/System/Library/Frameworks/


Parsed CXX implicit include dir info from above output: rv=done
  found start of include info
  found start of implicit include info
    add: [/Library/Developer/CommandLineTools/usr/include/c++/v1]
    add: [/usr/local/include]
    add: [/Library/Developer/CommandLineTools/usr/lib/clang/10.0.0/include]
    add: [/Library/Developer/CommandLineTools/usr/include]
    add: [/usr/include]
  end of search list found
  collapse include dir [/Library/Developer/CommandLineTools/usr/include/c++/v1] ==> [/Library/Developer/CommandLineTools/usr/include/c++/v1]
  collapse include dir [/usr/local/include] ==> [/usr/local/include]
  collapse include dir [/Library/Developer/CommandLineTools/usr/lib/clang/10.0.0/include] ==> [/Library/Developer/CommandLineTools/usr/lib/clang/10.0.0/include]
  collapse include dir [/Library/Developer/CommandLineTools/usr/include] ==> [/Library/Developer/CommandLineTools/usr/include]
  collapse include dir [/usr/include] ==> [/usr/include]
  implicit include dirs: [/Library/Developer/CommandLineTools/usr/include/c++/v1;/usr/local/include;/Library/Developer/CommandLineTools/usr/lib/clang/10.0.0/include;/Library/Developer/CommandLineTools/usr/include;/usr/include]


Parsed CXX implicit link information from above output:
  link line regex: [^( *|.*[/\])(ld|CMAKE_LINK_STARTFILE-NOTFOUND|([^/\]+-)?ld|collect2)[^/\]*( |$)]
  ignore line: [Change Dir: /Users/stepanjakl/CLionProjects/aerofyt-clion-platformio-project/cmake-build-debug/CMakeFiles/CMakeTmp]
  ignore line: []
  ignore line: [Run Build Command(s):/usr/bin/make cmTC_dcfc0/fast ]
  ignore line: [/Library/Developer/CommandLineTools/usr/bin/make -f CMakeFiles/cmTC_dcfc0.dir/build.make CMakeFiles/cmTC_dcfc0.dir/build]
  ignore line: [Building CXX object CMakeFiles/cmTC_dcfc0.dir/CMakeCXXCompilerABI.cpp.o]
  ignore line: [/Library/Developer/CommandLineTools/usr/bin/c++    -v -Wl,-v -o CMakeFiles/cmTC_dcfc0.dir/CMakeCXXCompilerABI.cpp.o -c "/Users/stepanjakl/Library/Application Support/JetBrains/Toolbox/apps/CLion/ch-0/191.6707.69/CLion.app/Contents/bin/cmake/mac/share/cmake-3.14/Modules/CMakeCXXCompilerABI.cpp"]
  ignore line: [Apple LLVM version 10.0.0 (clang-1000.10.44.4)]
  ignore line: [Target: x86_64-apple-darwin17.7.0]
  ignore line: [Thread model: posix]
  ignore line: [InstalledDir: /Library/Developer/CommandLineTools/usr/bin]
  ignore line: [clang: warning: -Wl,-v: 'linker' input unused [-Wunused-command-line-argument]]
  ignore line: [ "/Library/Developer/CommandLineTools/usr/bin/clang" -cc1 -triple x86_64-apple-macosx10.13.0 -Wdeprecated-objc-isa-usage -Werror=deprecated-objc-isa-usage -emit-obj -mrelax-all -disable-free -disable-llvm-verifier -discard-value-names -main-file-name CMakeCXXCompilerABI.cpp -mrelocation-model pic -pic-level 2 -mthread-model posix -mdisable-fp-elim -fno-strict-return -masm-verbose -munwind-tables -target-cpu penryn -dwarf-column-info -debugger-tuning=lldb -target-linker-version 409.12 -v -coverage-notes-file /Users/stepanjakl/CLionProjects/aerofyt-clion-platformio-project/cmake-build-debug/CMakeFiles/CMakeTmp/CMakeFiles/cmTC_dcfc0.dir/CMakeCXXCompilerABI.cpp.gcno -resource-dir /Library/Developer/CommandLineTools/usr/lib/clang/10.0.0 -stdlib=libc++ -fdeprecated-macro -fdebug-compilation-dir /Users/stepanjakl/CLionProjects/aerofyt-clion-platformio-project/cmake-build-debug/CMakeFiles/CMakeTmp -ferror-limit 19 -fmessage-length 0 -stack-protector 1 -fblocks -fencode-extended-block-signature -fobjc-runtime=macosx-10.13.0 -fcxx-exceptions -fexceptions -fmax-type-align=16 -fdiagnostics-show-option -o CMakeFiles/cmTC_dcfc0.dir/CMakeCXXCompilerABI.cpp.o -x c++ /Users/stepanjakl/Library/Application Support/JetBrains/Toolbox/apps/CLion/ch-0/191.6707.69/CLion.app/Contents/bin/cmake/mac/share/cmake-3.14/Modules/CMakeCXXCompilerABI.cpp]
  ignore line: [clang -cc1 version 10.0.0 (clang-1000.10.44.4) default target x86_64-apple-darwin17.7.0]
  ignore line: [ignoring nonexistent directory "/usr/include/c++/v1"]
  ignore line: [#include "..." search starts here:]
  ignore line: [#include <...> search starts here:]
  ignore line: [ /Library/Developer/CommandLineTools/usr/include/c++/v1]
  ignore line: [ /usr/local/include]
  ignore line: [ /Library/Developer/CommandLineTools/usr/lib/clang/10.0.0/include]
  ignore line: [ /Library/Developer/CommandLineTools/usr/include]
  ignore line: [ /usr/include]
  ignore line: [ /System/Library/Frameworks (framework directory)]
  ignore line: [ /Library/Frameworks (framework directory)]
  ignore line: [End of search list.]
  ignore line: [Linking CXX executable cmTC_dcfc0]
  ignore line: ["/Users/stepanjakl/Library/Application Support/JetBrains/Toolbox/apps/CLion/ch-0/191.6707.69/CLion.app/Contents/bin/cmake/mac/bin/cmake" -E cmake_link_script CMakeFiles/cmTC_dcfc0.dir/link.txt --verbose=1]
  ignore line: [/Library/Developer/CommandLineTools/usr/bin/c++    -Wl,-search_paths_first -Wl,-headerpad_max_install_names  -v -Wl,-v CMakeFiles/cmTC_dcfc0.dir/CMakeCXXCompilerABI.cpp.o  -o cmTC_dcfc0 ]
  ignore line: [Apple LLVM version 10.0.0 (clang-1000.10.44.4)]
  ignore line: [Target: x86_64-apple-darwin17.7.0]
  ignore line: [Thread model: posix]
  ignore line: [InstalledDir: /Library/Developer/CommandLineTools/usr/bin]
  link line: [ "/Library/Developer/CommandLineTools/usr/bin/ld" -demangle -lto_library /Library/Developer/CommandLineTools/usr/lib/libLTO.dylib -dynamic -arch x86_64 -macosx_version_min 10.13.0 -o cmTC_dcfc0 -search_paths_first -headerpad_max_install_names -v CMakeFiles/cmTC_dcfc0.dir/CMakeCXXCompilerABI.cpp.o -lc++ -lSystem /Library/Developer/CommandLineTools/usr/lib/clang/10.0.0/lib/darwin/libclang_rt.osx.a]
    arg [/Library/Developer/CommandLineTools/usr/bin/ld] ==> ignore
    arg [-demangle] ==> ignore
    arg [-lto_library] ==> ignore, skip following value
    arg [/Library/Developer/CommandLineTools/usr/lib/libLTO.dylib] ==> skip value of -lto_library
    arg [-dynamic] ==> ignore
    arg [-arch] ==> ignore
    arg [x86_64] ==> ignore
    arg [-macosx_version_min] ==> ignore
    arg [10.13.0] ==> ignore
    arg [-o] ==> ignore
    arg [cmTC_dcfc0] ==> ignore
    arg [-search_paths_first] ==> ignore
    arg [-headerpad_max_install_names] ==> ignore
    arg [-v] ==> ignore
    arg [CMakeFiles/cmTC_dcfc0.dir/CMakeCXXCompilerABI.cpp.o] ==> ignore
    arg [-lc++] ==> lib [c++]
    arg [-lSystem] ==> lib [System]
    arg [/Library/Developer/CommandLineTools/usr/lib/clang/10.0.0/lib/darwin/libclang_rt.osx.a] ==> lib [/Library/Developer/CommandLineTools/usr/lib/clang/10.0.0/lib/darwin/libclang_rt.osx.a]
  Library search paths: [;/usr/lib;/usr/local/lib]
  Framework search paths: [;/Library/Frameworks/;/System/Library/Frameworks/]
  remove lib [System]
  remove lib [/Library/Developer/CommandLineTools/usr/lib/clang/10.0.0/lib/darwin/libclang_rt.osx.a]
  collapse library dir [/usr/lib] ==> [/usr/lib]
  collapse library dir [/usr/local/lib] ==> [/usr/local/lib]
  collapse framework dir [/Library/Frameworks/] ==> [/Library/Frameworks]
  collapse framework dir [/System/Library/Frameworks/] ==> [/System/Library/Frameworks]
  implicit libs: [c++]
  implicit dirs: [/usr/lib;/usr/local/lib]
  implicit fwks: [/Library/Frameworks;/System/Library/Frameworks]




Detecting CXX [-std=c++1z] compiler features compiled with the following output:
Change Dir: /Users/stepanjakl/CLionProjects/aerofyt-clion-platformio-project/cmake-build-debug/CMakeFiles/CMakeTmp

Run Build Command(s):/usr/bin/make cmTC_b842e/fast 
/Library/Developer/CommandLineTools/usr/bin/make -f CMakeFiles/cmTC_b842e.dir/build.make CMakeFiles/cmTC_b842e.dir/build
Building CXX object CMakeFiles/cmTC_b842e.dir/feature_tests.cxx.o
/Library/Developer/CommandLineTools/usr/bin/c++    -std=c++1z -o CMakeFiles/cmTC_b842e.dir/feature_tests.cxx.o -c /Users/stepanjakl/CLionProjects/aerofyt-clion-platformio-project/cmake-build-debug/CMakeFiles/feature_tests.cxx
Linking CXX executable cmTC_b842e
"/Users/stepanjakl/Library/Application Support/JetBrains/Toolbox/apps/CLion/ch-0/191.6707.69/CLion.app/Contents/bin/cmake/mac/bin/cmake" -E cmake_link_script CMakeFiles/cmTC_b842e.dir/link.txt --verbose=1
/Library/Developer/CommandLineTools/usr/bin/c++    -Wl,-search_paths_first -Wl,-headerpad_max_install_names   CMakeFiles/cmTC_b842e.dir/feature_tests.cxx.o  -o cmTC_b842e 


    Feature record: CXX_FEATURE:1cxx_aggregate_default_initializers
    Feature record: CXX_FEATURE:1cxx_alias_templates
    Feature record: CXX_FEATURE:1cxx_alignas
    Feature record: CXX_FEATURE:1cxx_alignof
    Feature record: CXX_FEATURE:1cxx_attributes
    Feature record: CXX_FEATURE:1cxx_attribute_deprecated
    Feature record: CXX_FEATURE:1cxx_auto_type
    Feature record: CXX_FEATURE:1cxx_binary_literals
    Feature record: CXX_FEATURE:1cxx_constexpr
    Feature record: CXX_FEATURE:1cxx_contextual_conversions
    Feature record: CXX_FEATURE:1cxx_decltype
    Feature record: CXX_FEATURE:1cxx_decltype_auto
    Feature record: CXX_FEATURE:1cxx_decltype_incomplete_return_types
    Feature record: CXX_FEATURE:1cxx_default_function_template_args
    Feature record: CXX_FEATURE:1cxx_defaulted_functions
    Feature record: CXX_FEATURE:1cxx_defaulted_move_initializers
    Feature record: CXX_FEATURE:1cxx_delegating_constructors
    Feature record: CXX_FEATURE:1cxx_deleted_functions
    Feature record: CXX_FEATURE:1cxx_digit_separators
    Feature record: CXX_FEATURE:1cxx_enum_forward_declarations
    Feature record: CXX_FEATURE:1cxx_explicit_conversions
    Feature record: CXX_FEATURE:1cxx_extended_friend_declarations
    Feature record: CXX_FEATURE:1cxx_extern_templates
    Feature record: CXX_FEATURE:1cxx_final
    Feature record: CXX_FEATURE:1cxx_func_identifier
    Feature record: CXX_FEATURE:1cxx_generalized_initializers
    Feature record: CXX_FEATURE:1cxx_generic_lambdas
    Feature record: CXX_FEATURE:1cxx_inheriting_constructors
    Feature record: CXX_FEATURE:1cxx_inline_namespaces
    Feature record: CXX_FEATURE:1cxx_lambdas
    Feature record: CXX_FEATURE:1cxx_lambda_init_captures
    Feature record: CXX_FEATURE:1cxx_local_type_template_args
    Feature record: CXX_FEATURE:1cxx_long_long_type
    Feature record: CXX_FEATURE:1cxx_noexcept
    Feature record: CXX_FEATURE:1cxx_nonstatic_member_init
    Feature record: CXX_FEATURE:1cxx_nullptr
    Feature record: CXX_FEATURE:1cxx_override
    Feature record: CXX_FEATURE:1cxx_range_for
    Feature record: CXX_FEATURE:1cxx_raw_string_literals
    Feature record: CXX_FEATURE:1cxx_reference_qualified_functions
    Feature record: CXX_FEATURE:1cxx_relaxed_constexpr
    Feature record: CXX_FEATURE:1cxx_return_type_deduction
    Feature record: CXX_FEATURE:1cxx_right_angle_brackets
    Feature record: CXX_FEATURE:1cxx_rvalue_references
    Feature record: CXX_FEATURE:1cxx_sizeof_member
    Feature record: CXX_FEATURE:1cxx_static_assert
    Feature record: CXX_FEATURE:1cxx_strong_enums
    Feature record: CXX_FEATURE:1cxx_template_template_parameters
    Feature record: CXX_FEATURE:1cxx_thread_local
    Feature record: CXX_FEATURE:1cxx_trailing_return_types
    Feature record: CXX_FEATURE:1cxx_unicode_literals
    Feature record: CXX_FEATURE:1cxx_uniform_initialization
    Feature record: CXX_FEATURE:1cxx_unrestricted_unions
    Feature record: CXX_FEATURE:1cxx_user_literals
    Feature record: CXX_FEATURE:1cxx_variable_templates
    Feature record: CXX_FEATURE:1cxx_variadic_macros
    Feature record: CXX_FEATURE:1cxx_variadic_templates


Detecting CXX [-std=c++14] compiler features compiled with the following output:
Change Dir: /Users/stepanjakl/CLionProjects/aerofyt-clion-platformio-project/cmake-build-debug/CMakeFiles/CMakeTmp

Run Build Command(s):/usr/bin/make cmTC_81ab1/fast 
/Library/Developer/CommandLineTools/usr/bin/make -f CMakeFiles/cmTC_81ab1.dir/build.make CMakeFiles/cmTC_81ab1.dir/build
Building CXX object CMakeFiles/cmTC_81ab1.dir/feature_tests.cxx.o
/Library/Developer/CommandLineTools/usr/bin/c++    -std=c++14 -o CMakeFiles/cmTC_81ab1.dir/feature_tests.cxx.o -c /Users/stepanjakl/CLionProjects/aerofyt-clion-platformio-project/cmake-build-debug/CMakeFiles/feature_tests.cxx
Linking CXX executable cmTC_81ab1
"/Users/stepanjakl/Library/Application Support/JetBrains/Toolbox/apps/CLion/ch-0/191.6707.69/CLion.app/Contents/bin/cmake/mac/bin/cmake" -E cmake_link_script CMakeFiles/cmTC_81ab1.dir/link.txt --verbose=1
/Library/Developer/CommandLineTools/usr/bin/c++    -Wl,-search_paths_first -Wl,-headerpad_max_install_names   CMakeFiles/cmTC_81ab1.dir/feature_tests.cxx.o  -o cmTC_81ab1 


    Feature record: CXX_FEATURE:1cxx_aggregate_default_initializers
    Feature record: CXX_FEATURE:1cxx_alias_templates
    Feature record: CXX_FEATURE:1cxx_alignas
    Feature record: CXX_FEATURE:1cxx_alignof
    Feature record: CXX_FEATURE:1cxx_attributes
    Feature record: CXX_FEATURE:1cxx_attribute_deprecated
    Feature record: CXX_FEATURE:1cxx_auto_type
    Feature record: CXX_FEATURE:1cxx_binary_literals
    Feature record: CXX_FEATURE:1cxx_constexpr
    Feature record: CXX_FEATURE:1cxx_contextual_conversions
    Feature record: CXX_FEATURE:1cxx_decltype
    Feature record: CXX_FEATURE:1cxx_decltype_auto
    Feature record: CXX_FEATURE:1cxx_decltype_incomplete_return_types
    Feature record: CXX_FEATURE:1cxx_default_function_template_args
    Feature record: CXX_FEATURE:1cxx_defaulted_functions
    Feature record: CXX_FEATURE:1cxx_defaulted_move_initializers
    Feature record: CXX_FEATURE:1cxx_delegating_constructors
    Feature record: CXX_FEATURE:1cxx_deleted_functions
    Feature record: CXX_FEATURE:1cxx_digit_separators
    Feature record: CXX_FEATURE:1cxx_enum_forward_declarations
    Feature record: CXX_FEATURE:1cxx_explicit_conversions
    Feature record: CXX_FEATURE:1cxx_extended_friend_declarations
    Feature record: CXX_FEATURE:1cxx_extern_templates
    Feature record: CXX_FEATURE:1cxx_final
    Feature record: CXX_FEATURE:1cxx_func_identifier
    Feature record: CXX_FEATURE:1cxx_generalized_initializers
    Feature record: CXX_FEATURE:1cxx_generic_lambdas
    Feature record: CXX_FEATURE:1cxx_inheriting_constructors
    Feature record: CXX_FEATURE:1cxx_inline_namespaces
    Feature record: CXX_FEATURE:1cxx_lambdas
    Feature record: CXX_FEATURE:1cxx_lambda_init_captures
    Feature record: CXX_FEATURE:1cxx_local_type_template_args
    Feature record: CXX_FEATURE:1cxx_long_long_type
    Feature record: CXX_FEATURE:1cxx_noexcept
    Feature record: CXX_FEATURE:1cxx_nonstatic_member_init
    Feature record: CXX_FEATURE:1cxx_nullptr
    Feature record: CXX_FEATURE:1cxx_override
    Feature record: CXX_FEATURE:1cxx_range_for
    Feature record: CXX_FEATURE:1cxx_raw_string_literals
    Feature record: CXX_FEATURE:1cxx_reference_qualified_functions
    Feature record: CXX_FEATURE:1cxx_relaxed_constexpr
    Feature record: CXX_FEATURE:1cxx_return_type_deduction
    Feature record: CXX_FEATURE:1cxx_right_angle_brackets
    Feature record: CXX_FEATURE:1cxx_rvalue_references
    Feature record: CXX_FEATURE:1cxx_sizeof_member
    Feature record: CXX_FEATURE:1cxx_static_assert
    Feature record: CXX_FEATURE:1cxx_strong_enums
    Feature record: CXX_FEATURE:1cxx_template_template_parameters
    Feature record: CXX_FEATURE:1cxx_thread_local
    Feature record: CXX_FEATURE:1cxx_trailing_return_types
    Feature record: CXX_FEATURE:1cxx_unicode_literals
    Feature record: CXX_FEATURE:1cxx_uniform_initialization
    Feature record: CXX_FEATURE:1cxx_unrestricted_unions
    Feature record: CXX_FEATURE:1cxx_user_literals
    Feature record: CXX_FEATURE:1cxx_variable_templates
    Feature record: CXX_FEATURE:1cxx_variadic_macros
    Feature record: CXX_FEATURE:1cxx_variadic_templates


Detecting CXX [-std=c++11] compiler features compiled with the following output:
Change Dir: /Users/stepanjakl/CLionProjects/aerofyt-clion-platformio-project/cmake-build-debug/CMakeFiles/CMakeTmp

Run Build Command(s):/usr/bin/make cmTC_1782e/fast 
/Library/Developer/CommandLineTools/usr/bin/make -f CMakeFiles/cmTC_1782e.dir/build.make CMakeFiles/cmTC_1782e.dir/build
Building CXX object CMakeFiles/cmTC_1782e.dir/feature_tests.cxx.o
/Library/Developer/CommandLineTools/usr/bin/c++    -std=c++11 -o CMakeFiles/cmTC_1782e.dir/feature_tests.cxx.o -c /Users/stepanjakl/CLionProjects/aerofyt-clion-platformio-project/cmake-build-debug/CMakeFiles/feature_tests.cxx
Linking CXX executable cmTC_1782e
"/Users/stepanjakl/Library/Application Support/JetBrains/Toolbox/apps/CLion/ch-0/191.6707.69/CLion.app/Contents/bin/cmake/mac/bin/cmake" -E cmake_link_script CMakeFiles/cmTC_1782e.dir/link.txt --verbose=1
/Library/Developer/CommandLineTools/usr/bin/c++    -Wl,-search_paths_first -Wl,-headerpad_max_install_names   CMakeFiles/cmTC_1782e.dir/feature_tests.cxx.o  -o cmTC_1782e 


    Feature record: CXX_FEATURE:0cxx_aggregate_default_initializers
    Feature record: CXX_FEATURE:1cxx_alias_templates
    Feature record: CXX_FEATURE:1cxx_alignas
    Feature record: CXX_FEATURE:1cxx_alignof
    Feature record: CXX_FEATURE:1cxx_attributes
    Feature record: CXX_FEATURE:0cxx_attribute_deprecated
    Feature record: CXX_FEATURE:1cxx_auto_type
    Feature record: CXX_FEATURE:0cxx_binary_literals
    Feature record: CXX_FEATURE:1cxx_constexpr
    Feature record: CXX_FEATURE:0cxx_contextual_conversions
    Feature record: CXX_FEATURE:1cxx_decltype
    Feature record: CXX_FEATURE:0cxx_decltype_auto
    Feature record: CXX_FEATURE:1cxx_decltype_incomplete_return_types
    Feature record: CXX_FEATURE:1cxx_default_function_template_args
    Feature record: CXX_FEATURE:1cxx_defaulted_functions
    Feature record: CXX_FEATURE:1cxx_defaulted_move_initializers
    Feature record: CXX_FEATURE:1cxx_delegating_constructors
    Feature record: CXX_FEATURE:1cxx_deleted_functions
    Feature record: CXX_FEATURE:0cxx_digit_separators
    Feature record: CXX_FEATURE:1cxx_enum_forward_declarations
    Feature record: CXX_FEATURE:1cxx_explicit_conversions
    Feature record: CXX_FEATURE:1cxx_extended_friend_declarations
    Feature record: CXX_FEATURE:1cxx_extern_templates
    Feature record: CXX_FEATURE:1cxx_final
    Feature record: CXX_FEATURE:1cxx_func_identifier
    Feature record: CXX_FEATURE:1cxx_generalized_initializers
    Feature record: CXX_FEATURE:0cxx_generic_lambdas
    Feature record: CXX_FEATURE:1cxx_inheriting_constructors
    Feature record: CXX_FEATURE:1cxx_inline_namespaces
    Feature record: CXX_FEATURE:1cxx_lambdas
    Feature record: CXX_FEATURE:0cxx_lambda_init_captures
    Feature record: CXX_FEATURE:1cxx_local_type_template_args
    Feature record: CXX_FEATURE:1cxx_long_long_type
    Feature record: CXX_FEATURE:1cxx_noexcept
    Feature record: CXX_FEATURE:1cxx_nonstatic_member_init
    Feature record: CXX_FEATURE:1cxx_nullptr
    Feature record: CXX_FEATURE:1cxx_override
    Feature record: CXX_FEATURE:1cxx_range_for
    Feature record: CXX_FEATURE:1cxx_raw_string_literals
    Feature record: CXX_FEATURE:1cxx_reference_qualified_functions
    Feature record: CXX_FEATURE:0cxx_relaxed_constexpr
    Feature record: CXX_FEATURE:0cxx_return_type_deduction
    Feature record: CXX_FEATURE:1cxx_right_angle_brackets
    Feature record: CXX_FEATURE:1cxx_rvalue_references
    Feature record: CXX_FEATURE:1cxx_sizeof_member
    Feature record: CXX_FEATURE:1cxx_static_assert
    Feature record: CXX_FEATURE:1cxx_strong_enums
    Feature record: CXX_FEATURE:1cxx_template_template_parameters
    Feature record: CXX_FEATURE:1cxx_thread_local
    Feature record: CXX_FEATURE:1cxx_trailing_return_types
    Feature record: CXX_FEATURE:1cxx_unicode_literals
    Feature record: CXX_FEATURE:1cxx_uniform_initialization
    Feature record: CXX_FEATURE:1cxx_unrestricted_unions
    Feature record: CXX_FEATURE:1cxx_user_literals
    Feature record: CXX_FEATURE:0cxx_variable_templates
    Feature record: CXX_FEATURE:1cxx_variadic_macros
    Feature record: CXX_FEATURE:1cxx_variadic_templates


Detecting CXX [-std=c++98] compiler features compiled with the following output:
Change Dir: /Users/stepanjakl/CLionProjects/aerofyt-clion-platformio-project/cmake-build-debug/CMakeFiles/CMakeTmp

Run Build Command(s):/usr/bin/make cmTC_1a1d9/fast 
/Library/Developer/CommandLineTools/usr/bin/make -f CMakeFiles/cmTC_1a1d9.dir/build.make CMakeFiles/cmTC_1a1d9.dir/build
Building CXX object CMakeFiles/cmTC_1a1d9.dir/feature_tests.cxx.o
/Library/Developer/CommandLineTools/usr/bin/c++    -std=c++98 -o CMakeFiles/cmTC_1a1d9.dir/feature_tests.cxx.o -c /Users/stepanjakl/CLionProjects/aerofyt-clion-platformio-project/cmake-build-debug/CMakeFiles/feature_tests.cxx
Linking CXX executable cmTC_1a1d9
"/Users/stepanjakl/Library/Application Support/JetBrains/Toolbox/apps/CLion/ch-0/191.6707.69/CLion.app/Contents/bin/cmake/mac/bin/cmake" -E cmake_link_script CMakeFiles/cmTC_1a1d9.dir/link.txt --verbose=1
/Library/Developer/CommandLineTools/usr/bin/c++    -Wl,-search_paths_first -Wl,-headerpad_max_install_names   CMakeFiles/cmTC_1a1d9.dir/feature_tests.cxx.o  -o cmTC_1a1d9 


    Feature record: CXX_FEATURE:0cxx_aggregate_default_initializers
    Feature record: CXX_FEATURE:0cxx_alias_templates
    Feature record: CXX_FEATURE:0cxx_alignas
    Feature record: CXX_FEATURE:0cxx_alignof
    Feature record: CXX_FEATURE:0cxx_attributes
    Feature record: CXX_FEATURE:0cxx_attribute_deprecated
    Feature record: CXX_FEATURE:0cxx_auto_type
    Feature record: CXX_FEATURE:0cxx_binary_literals
    Feature record: CXX_FEATURE:0cxx_constexpr
    Feature record: CXX_FEATURE:0cxx_contextual_conversions
    Feature record: CXX_FEATURE:0cxx_decltype
    Feature record: CXX_FEATURE:0cxx_decltype_auto
    Feature record: CXX_FEATURE:0cxx_decltype_incomplete_return_types
    Feature record: CXX_FEATURE:0cxx_default_function_template_args
    Feature record: CXX_FEATURE:0cxx_defaulted_functions
    Feature record: CXX_FEATURE:0cxx_defaulted_move_initializers
    Feature record: CXX_FEATURE:0cxx_delegating_constructors
    Feature record: CXX_FEATURE:0cxx_deleted_functions
    Feature record: CXX_FEATURE:0cxx_digit_separators
    Feature record: CXX_FEATURE:0cxx_enum_forward_declarations
    Feature record: CXX_FEATURE:0cxx_explicit_conversions
    Feature record: CXX_FEATURE:0cxx_extended_friend_declarations
    Feature record: CXX_FEATURE:0cxx_extern_templates
    Feature record: CXX_FEATURE:0cxx_final
    Feature record: CXX_FEATURE:0cxx_func_identifier
    Feature record: CXX_FEATURE:0cxx_generalized_initializers
    Feature record: CXX_FEATURE:0cxx_generic_lambdas
    Feature record: CXX_FEATURE:0cxx_inheriting_constructors
    Feature record: CXX_FEATURE:0cxx_inline_namespaces
    Feature record: CXX_FEATURE:0cxx_lambdas
    Feature record: CXX_FEATURE:0cxx_lambda_init_captures
    Feature record: CXX_FEATURE:0cxx_local_type_template_args
    Feature record: CXX_FEATURE:0cxx_long_long_type
    Feature record: CXX_FEATURE:0cxx_noexcept
    Feature record: CXX_FEATURE:0cxx_nonstatic_member_init
    Feature record: CXX_FEATURE:0cxx_nullptr
    Feature record: CXX_FEATURE:0cxx_override
    Feature record: CXX_FEATURE:0cxx_range_for
    Feature record: CXX_FEATURE:0cxx_raw_string_literals
    Feature record: CXX_FEATURE:0cxx_reference_qualified_functions
    Feature record: CXX_FEATURE:0cxx_relaxed_constexpr
    Feature record: CXX_FEATURE:0cxx_return_type_deduction
    Feature record: CXX_FEATURE:0cxx_right_angle_brackets
    Feature record: CXX_FEATURE:0cxx_rvalue_references
    Feature record: CXX_FEATURE:0cxx_sizeof_member
    Feature record: CXX_FEATURE:0cxx_static_assert
    Feature record: CXX_FEATURE:0cxx_strong_enums
    Feature record: CXX_FEATURE:1cxx_template_template_parameters
    Feature record: CXX_FEATURE:0cxx_thread_local
    Feature record: CXX_FEATURE:0cxx_trailing_return_types
    Feature record: CXX_FEATURE:0cxx_unicode_literals
    Feature record: CXX_FEATURE:0cxx_uniform_initialization
    Feature record: CXX_FEATURE:0cxx_unrestricted_unions
    Feature record: CXX_FEATURE:0cxx_user_literals
    Feature record: CXX_FEATURE:0cxx_variable_templates
    Feature record: CXX_FEATURE:0cxx_variadic_macros
    Feature record: CXX_FEATURE:0cxx_variadic_templates
The system is: Darwin - 17.7.0 - x86_64
Compiling the C compiler identification source file "CMakeCCompilerId.c" succeeded.
Compiler: /Library/Developer/CommandLineTools/usr/bin/cc 
Build flags: 
Id flags:  

The output was:
0


Compilation of the C compiler identification source "CMakeCCompilerId.c" produced "a.out"

The C compiler identification is AppleClang, found in "/Users/stepanjakl/CLionProjects/aerofyt-clion-platformio-project/cmake-build-debug/CMakeFiles/3.14.5/CompilerIdC/a.out"

Compiling the CXX compiler identification source file "CMakeCXXCompilerId.cpp" succeeded.
Compiler: /Library/Developer/CommandLineTools/usr/bin/c++ 
Build flags: 
Id flags:  

The output was:
0


Compilation of the CXX compiler identification source "CMakeCXXCompilerId.cpp" produced "a.out"

The CXX compiler identification is AppleClang, found in "/Users/stepanjakl/CLionProjects/aerofyt-clion-platformio-project/cmake-build-debug/CMakeFiles/3.14.5/CompilerIdCXX/a.out"

Determining if the C compiler works passed with the following output:
Change Dir: /Users/stepanjakl/CLionProjects/aerofyt-clion-platformio-project/cmake-build-debug/CMakeFiles/CMakeTmp

Run Build Command(s):/usr/bin/make cmTC_2b120/fast 
/Library/Developer/CommandLineTools/usr/bin/make -f CMakeFiles/cmTC_2b120.dir/build.make CMakeFiles/cmTC_2b120.dir/build
Building C object CMakeFiles/cmTC_2b120.dir/testCCompiler.c.o
/Library/Developer/CommandLineTools/usr/bin/cc    -o CMakeFiles/cmTC_2b120.dir/testCCompiler.c.o   -c /Users/stepanjakl/CLionProjects/aerofyt-clion-platformio-project/cmake-build-debug/CMakeFiles/CMakeTmp/testCCompiler.c
Linking C executable cmTC_2b120
"/Users/stepanjakl/Library/Application Support/JetBrains/Toolbox/apps/CLion/ch-0/192.6262.62/CLion.app/Contents/bin/cmake/mac/bin/cmake" -E cmake_link_script CMakeFiles/cmTC_2b120.dir/link.txt --verbose=1
/Library/Developer/CommandLineTools/usr/bin/cc   -Wl,-search_paths_first -Wl,-headerpad_max_install_names   CMakeFiles/cmTC_2b120.dir/testCCompiler.c.o  -o cmTC_2b120 


Detecting C compiler ABI info compiled with the following output:
Change Dir: /Users/stepanjakl/CLionProjects/aerofyt-clion-platformio-project/cmake-build-debug/CMakeFiles/CMakeTmp

Run Build Command(s):/usr/bin/make cmTC_7fc18/fast 
/Library/Developer/CommandLineTools/usr/bin/make -f CMakeFiles/cmTC_7fc18.dir/build.make CMakeFiles/cmTC_7fc18.dir/build
Building C object CMakeFiles/cmTC_7fc18.dir/CMakeCCompilerABI.c.o
/Library/Developer/CommandLineTools/usr/bin/cc   -v -Wl,-v -o CMakeFiles/cmTC_7fc18.dir/CMakeCCompilerABI.c.o   -c "/Users/stepanjakl/Library/Application Support/JetBrains/Toolbox/apps/CLion/ch-0/192.6262.62/CLion.app/Contents/bin/cmake/mac/share/cmake-3.14/Modules/CMakeCCompilerABI.c"
Apple LLVM version 10.0.0 (clang-1000.10.44.4)
Target: x86_64-apple-darwin17.7.0
Thread model: posix
InstalledDir: /Library/Developer/CommandLineTools/usr/bin
clang: warning: -Wl,-v: 'linker' input unused [-Wunused-command-line-argument]
 "/Library/Developer/CommandLineTools/usr/bin/clang" -cc1 -triple x86_64-apple-macosx10.13.0 -Wdeprecated-objc-isa-usage -Werror=deprecated-objc-isa-usage -emit-obj -mrelax-all -disable-free -disable-llvm-verifier -discard-value-names -main-file-name CMakeCCompilerABI.c -mrelocation-model pic -pic-level 2 -mthread-model posix -mdisable-fp-elim -fno-strict-return -masm-verbose -munwind-tables -target-cpu penryn -dwarf-column-info -debugger-tuning=lldb -target-linker-version 409.12 -v -coverage-notes-file /Users/stepanjakl/CLionProjects/aerofyt-clion-platformio-project/cmake-build-debug/CMakeFiles/CMakeTmp/CMakeFiles/cmTC_7fc18.dir/CMakeCCompilerABI.c.gcno -resource-dir /Library/Developer/CommandLineTools/usr/lib/clang/10.0.0 -fdebug-compilation-dir /Users/stepanjakl/CLionProjects/aerofyt-clion-platformio-project/cmake-build-debug/CMakeFiles/CMakeTmp -ferror-limit 19 -fmessage-length 0 -stack-protector 1 -fblocks -fencode-extended-block-signature -fobjc-runtime=macosx-10.13.0 -fmax-type-align=16 -fdiagnostics-show-option -o CMakeFiles/cmTC_7fc18.dir/CMakeCCompilerABI.c.o -x c /Users/stepanjakl/Library/Application Support/JetBrains/Toolbox/apps/CLion/ch-0/192.6262.62/CLion.app/Contents/bin/cmake/mac/share/cmake-3.14/Modules/CMakeCCompilerABI.c
clang -cc1 version 10.0.0 (clang-1000.10.44.4) default target x86_64-apple-darwin17.7.0
#include "..." search starts here:
#include <...> search starts here:
 /usr/local/include
 /Library/Developer/CommandLineTools/usr/lib/clang/10.0.0/include
 /Library/Developer/CommandLineTools/usr/include
 /usr/include
 /System/Library/Frameworks (framework directory)
 /Library/Frameworks (framework directory)
End of search list.
Linking C executable cmTC_7fc18
"/Users/stepanjakl/Library/Application Support/JetBrains/Toolbox/apps/CLion/ch-0/192.6262.62/CLion.app/Contents/bin/cmake/mac/bin/cmake" -E cmake_link_script CMakeFiles/cmTC_7fc18.dir/link.txt --verbose=1
/Library/Developer/CommandLineTools/usr/bin/cc   -Wl,-search_paths_first -Wl,-headerpad_max_install_names  -v -Wl,-v CMakeFiles/cmTC_7fc18.dir/CMakeCCompilerABI.c.o  -o cmTC_7fc18 
Apple LLVM version 10.0.0 (clang-1000.10.44.4)
Target: x86_64-apple-darwin17.7.0
Thread model: posix
InstalledDir: /Library/Developer/CommandLineTools/usr/bin
 "/Library/Developer/CommandLineTools/usr/bin/ld" -demangle -lto_library /Library/Developer/CommandLineTools/usr/lib/libLTO.dylib -dynamic -arch x86_64 -macosx_version_min 10.13.0 -o cmTC_7fc18 -search_paths_first -headerpad_max_install_names -v CMakeFiles/cmTC_7fc18.dir/CMakeCCompilerABI.c.o -lSystem /Library/Developer/CommandLineTools/usr/lib/clang/10.0.0/lib/darwin/libclang_rt.osx.a
@(#)PROGRAM:ld  PROJECT:ld64-409.12
BUILD 17:47:51 Sep 25 2018
configured to support archs: armv6 armv7 armv7s arm64 i386 x86_64 x86_64h armv6m armv7k armv7m armv7em
Library search paths:
	/usr/lib
	/usr/local/lib
Framework search paths:
	/Library/Frameworks/
	/System/Library/Frameworks/


Parsed C implicit include dir info from above output: rv=done
  found start of include info
  found start of implicit include info
    add: [/usr/local/include]
    add: [/Library/Developer/CommandLineTools/usr/lib/clang/10.0.0/include]
    add: [/Library/Developer/CommandLineTools/usr/include]
    add: [/usr/include]
  end of search list found
  collapse include dir [/usr/local/include] ==> [/usr/local/include]
  collapse include dir [/Library/Developer/CommandLineTools/usr/lib/clang/10.0.0/include] ==> [/Library/Developer/CommandLineTools/usr/lib/clang/10.0.0/include]
  collapse include dir [/Library/Developer/CommandLineTools/usr/include] ==> [/Library/Developer/CommandLineTools/usr/include]
  collapse include dir [/usr/include] ==> [/usr/include]
  implicit include dirs: [/usr/local/include;/Library/Developer/CommandLineTools/usr/lib/clang/10.0.0/include;/Library/Developer/CommandLineTools/usr/include;/usr/include]


Parsed C implicit link information from above output:
  link line regex: [^( *|.*[/\])(ld|CMAKE_LINK_STARTFILE-NOTFOUND|([^/\]+-)?ld|collect2)[^/\]*( |$)]
  ignore line: [Change Dir: /Users/stepanjakl/CLionProjects/aerofyt-clion-platformio-project/cmake-build-debug/CMakeFiles/CMakeTmp]
  ignore line: []
  ignore line: [Run Build Command(s):/usr/bin/make cmTC_7fc18/fast ]
  ignore line: [/Library/Developer/CommandLineTools/usr/bin/make -f CMakeFiles/cmTC_7fc18.dir/build.make CMakeFiles/cmTC_7fc18.dir/build]
  ignore line: [Building C object CMakeFiles/cmTC_7fc18.dir/CMakeCCompilerABI.c.o]
  ignore line: [/Library/Developer/CommandLineTools/usr/bin/cc   -v -Wl,-v -o CMakeFiles/cmTC_7fc18.dir/CMakeCCompilerABI.c.o   -c "/Users/stepanjakl/Library/Application Support/JetBrains/Toolbox/apps/CLion/ch-0/192.6262.62/CLion.app/Contents/bin/cmake/mac/share/cmake-3.14/Modules/CMakeCCompilerABI.c"]
  ignore line: [Apple LLVM version 10.0.0 (clang-1000.10.44.4)]
  ignore line: [Target: x86_64-apple-darwin17.7.0]
  ignore line: [Thread model: posix]
  ignore line: [InstalledDir: /Library/Developer/CommandLineTools/usr/bin]
  ignore line: [clang: warning: -Wl,-v: 'linker' input unused [-Wunused-command-line-argument]]
  ignore line: [ "/Library/Developer/CommandLineTools/usr/bin/clang" -cc1 -triple x86_64-apple-macosx10.13.0 -Wdeprecated-objc-isa-usage -Werror=deprecated-objc-isa-usage -emit-obj -mrelax-all -disable-free -disable-llvm-verifier -discard-value-names -main-file-name CMakeCCompilerABI.c -mrelocation-model pic -pic-level 2 -mthread-model posix -mdisable-fp-elim -fno-strict-return -masm-verbose -munwind-tables -target-cpu penryn -dwarf-column-info -debugger-tuning=lldb -target-linker-version 409.12 -v -coverage-notes-file /Users/stepanjakl/CLionProjects/aerofyt-clion-platformio-project/cmake-build-debug/CMakeFiles/CMakeTmp/CMakeFiles/cmTC_7fc18.dir/CMakeCCompilerABI.c.gcno -resource-dir /Library/Developer/CommandLineTools/usr/lib/clang/10.0.0 -fdebug-compilation-dir /Users/stepanjakl/CLionProjects/aerofyt-clion-platformio-project/cmake-build-debug/CMakeFiles/CMakeTmp -ferror-limit 19 -fmessage-length 0 -stack-protector 1 -fblocks -fencode-extended-block-signature -fobjc-runtime=macosx-10.13.0 -fmax-type-align=16 -fdiagnostics-show-option -o CMakeFiles/cmTC_7fc18.dir/CMakeCCompilerABI.c.o -x c /Users/stepanjakl/Library/Application Support/JetBrains/Toolbox/apps/CLion/ch-0/192.6262.62/CLion.app/Contents/bin/cmake/mac/share/cmake-3.14/Modules/CMakeCCompilerABI.c]
  ignore line: [clang -cc1 version 10.0.0 (clang-1000.10.44.4) default target x86_64-apple-darwin17.7.0]
  ignore line: [#include "..." search starts here:]
  ignore line: [#include <...> search starts here:]
  ignore line: [ /usr/local/include]
  ignore line: [ /Library/Developer/CommandLineTools/usr/lib/clang/10.0.0/include]
  ignore line: [ /Library/Developer/CommandLineTools/usr/include]
  ignore line: [ /usr/include]
  ignore line: [ /System/Library/Frameworks (framework directory)]
  ignore line: [ /Library/Frameworks (framework directory)]
  ignore line: [End of search list.]
  ignore line: [Linking C executable cmTC_7fc18]
  ignore line: ["/Users/stepanjakl/Library/Application Support/JetBrains/Toolbox/apps/CLion/ch-0/192.6262.62/CLion.app/Contents/bin/cmake/mac/bin/cmake" -E cmake_link_script CMakeFiles/cmTC_7fc18.dir/link.txt --verbose=1]
  ignore line: [/Library/Developer/CommandLineTools/usr/bin/cc   -Wl,-search_paths_first -Wl,-headerpad_max_install_names  -v -Wl,-v CMakeFiles/cmTC_7fc18.dir/CMakeCCompilerABI.c.o  -o cmTC_7fc18 ]
  ignore line: [Apple LLVM version 10.0.0 (clang-1000.10.44.4)]
  ignore line: [Target: x86_64-apple-darwin17.7.0]
  ignore line: [Thread model: posix]
  ignore line: [InstalledDir: /Library/Developer/CommandLineTools/usr/bin]
  link line: [ "/Library/Developer/CommandLineTools/usr/bin/ld" -demangle -lto_library /Library/Developer/CommandLineTools/usr/lib/libLTO.dylib -dynamic -arch x86_64 -macosx_version_min 10.13.0 -o cmTC_7fc18 -search_paths_first -headerpad_max_install_names -v CMakeFiles/cmTC_7fc18.dir/CMakeCCompilerABI.c.o -lSystem /Library/Developer/CommandLineTools/usr/lib/clang/10.0.0/lib/darwin/libclang_rt.osx.a]
    arg [/Library/Developer/CommandLineTools/usr/bin/ld] ==> ignore
    arg [-demangle] ==> ignore
    arg [-lto_library] ==> ignore, skip following value
    arg [/Library/Developer/CommandLineTools/usr/lib/libLTO.dylib] ==> skip value of -lto_library
    arg [-dynamic] ==> ignore
    arg [-arch] ==> ignore
    arg [x86_64] ==> ignore
    arg [-macosx_version_min] ==> ignore
    arg [10.13.0] ==> ignore
    arg [-o] ==> ignore
    arg [cmTC_7fc18] ==> ignore
    arg [-search_paths_first] ==> ignore
    arg [-headerpad_max_install_names] ==> ignore
    arg [-v] ==> ignore
    arg [CMakeFiles/cmTC_7fc18.dir/CMakeCCompilerABI.c.o] ==> ignore
    arg [-lSystem] ==> lib [System]
    arg [/Library/Developer/CommandLineTools/usr/lib/clang/10.0.0/lib/darwin/libclang_rt.osx.a] ==> lib [/Library/Developer/CommandLineTools/usr/lib/clang/10.0.0/lib/darwin/libclang_rt.osx.a]
  Library search paths: [;/usr/lib;/usr/local/lib]
  Framework search paths: [;/Library/Frameworks/;/System/Library/Frameworks/]
  remove lib [System]
  remove lib [/Library/Developer/CommandLineTools/usr/lib/clang/10.0.0/lib/darwin/libclang_rt.osx.a]
  collapse library dir [/usr/lib] ==> [/usr/lib]
  collapse library dir [/usr/local/lib] ==> [/usr/local/lib]
  collapse framework dir [/Library/Frameworks/] ==> [/Library/Frameworks]
  collapse framework dir [/System/Library/Frameworks/] ==> [/System/Library/Frameworks]
  implicit libs: []
  implicit dirs: [/usr/lib;/usr/local/lib]
  implicit fwks: [/Library/Frameworks;/System/Library/Frameworks]




Detecting C [-std=c11] compiler features compiled with the following output:
Change Dir: /Users/stepanjakl/CLionProjects/aerofyt-clion-platformio-project/cmake-build-debug/CMakeFiles/CMakeTmp

Run Build Command(s):/usr/bin/make cmTC_cf3d2/fast 
/Library/Developer/CommandLineTools/usr/bin/make -f CMakeFiles/cmTC_cf3d2.dir/build.make CMakeFiles/cmTC_cf3d2.dir/build
Building C object CMakeFiles/cmTC_cf3d2.dir/feature_tests.c.o
/Library/Developer/CommandLineTools/usr/bin/cc   -std=c11 -o CMakeFiles/cmTC_cf3d2.dir/feature_tests.c.o   -c /Users/stepanjakl/CLionProjects/aerofyt-clion-platformio-project/cmake-build-debug/CMakeFiles/feature_tests.c
Linking C executable cmTC_cf3d2
"/Users/stepanjakl/Library/Application Support/JetBrains/Toolbox/apps/CLion/ch-0/192.6262.62/CLion.app/Contents/bin/cmake/mac/bin/cmake" -E cmake_link_script CMakeFiles/cmTC_cf3d2.dir/link.txt --verbose=1
/Library/Developer/CommandLineTools/usr/bin/cc   -Wl,-search_paths_first -Wl,-headerpad_max_install_names   CMakeFiles/cmTC_cf3d2.dir/feature_tests.c.o  -o cmTC_cf3d2 


    Feature record: C_FEATURE:1c_function_prototypes
    Feature record: C_FEATURE:1c_restrict
    Feature record: C_FEATURE:1c_static_assert
    Feature record: C_FEATURE:1c_variadic_macros


Detecting C [-std=c99] compiler features compiled with the following output:
Change Dir: /Users/stepanjakl/CLionProjects/aerofyt-clion-platformio-project/cmake-build-debug/CMakeFiles/CMakeTmp

Run Build Command(s):/usr/bin/make cmTC_9c3af/fast 
/Library/Developer/CommandLineTools/usr/bin/make -f CMakeFiles/cmTC_9c3af.dir/build.make CMakeFiles/cmTC_9c3af.dir/build
Building C object CMakeFiles/cmTC_9c3af.dir/feature_tests.c.o
/Library/Developer/CommandLineTools/usr/bin/cc   -std=c99 -o CMakeFiles/cmTC_9c3af.dir/feature_tests.c.o   -c /Users/stepanjakl/CLionProjects/aerofyt-clion-platformio-project/cmake-build-debug/CMakeFiles/feature_tests.c
Linking C executable cmTC_9c3af
"/Users/stepanjakl/Library/Application Support/JetBrains/Toolbox/apps/CLion/ch-0/192.6262.62/CLion.app/Contents/bin/cmake/mac/bin/cmake" -E cmake_link_script CMakeFiles/cmTC_9c3af.dir/link.txt --verbose=1
/Library/Developer/CommandLineTools/usr/bin/cc   -Wl,-search_paths_first -Wl,-headerpad_max_install_names   CMakeFiles/cmTC_9c3af.dir/feature_tests.c.o  -o cmTC_9c3af 


    Feature record: C_FEATURE:1c_function_prototypes
    Feature record: C_FEATURE:1c_restrict
    Feature record: C_FEATURE:0c_static_assert
    Feature record: C_FEATURE:1c_variadic_macros


Detecting C [-std=c90] compiler features compiled with the following output:
Change Dir: /Users/stepanjakl/CLionProjects/aerofyt-clion-platformio-project/cmake-build-debug/CMakeFiles/CMakeTmp

Run Build Command(s):/usr/bin/make cmTC_e6fa1/fast 
/Library/Developer/CommandLineTools/usr/bin/make -f CMakeFiles/cmTC_e6fa1.dir/build.make CMakeFiles/cmTC_e6fa1.dir/build
Building C object CMakeFiles/cmTC_e6fa1.dir/feature_tests.c.o
/Library/Developer/CommandLineTools/usr/bin/cc   -std=c90 -o CMakeFiles/cmTC_e6fa1.dir/feature_tests.c.o   -c /Users/stepanjakl/CLionProjects/aerofyt-clion-platformio-project/cmake-build-debug/CMakeFiles/feature_tests.c
Linking C executable cmTC_e6fa1
"/Users/stepanjakl/Library/Application Support/JetBrains/Toolbox/apps/CLion/ch-0/192.6262.62/CLion.app/Contents/bin/cmake/mac/bin/cmake" -E cmake_link_script CMakeFiles/cmTC_e6fa1.dir/link.txt --verbose=1
/Library/Developer/CommandLineTools/usr/bin/cc   -Wl,-search_paths_first -Wl,-headerpad_max_install_names   CMakeFiles/cmTC_e6fa1.dir/feature_tests.c.o  -o cmTC_e6fa1 


    Feature record: C_FEATURE:1c_function_prototypes
    Feature record: C_FEATURE:0c_restrict
    Feature record: C_FEATURE:0c_static_assert
    Feature record: C_FEATURE:0c_variadic_macros
Determining if the CXX compiler works passed with the following output:
Change Dir: /Users/stepanjakl/CLionProjects/aerofyt-clion-platformio-project/cmake-build-debug/CMakeFiles/CMakeTmp

Run Build Command(s):/usr/bin/make cmTC_e1d00/fast 
/Library/Developer/CommandLineTools/usr/bin/make -f CMakeFiles/cmTC_e1d00.dir/build.make CMakeFiles/cmTC_e1d00.dir/build
Building CXX object CMakeFiles/cmTC_e1d00.dir/testCXXCompiler.cxx.o
/Library/Developer/CommandLineTools/usr/bin/c++     -o CMakeFiles/cmTC_e1d00.dir/testCXXCompiler.cxx.o -c /Users/stepanjakl/CLionProjects/aerofyt-clion-platformio-project/cmake-build-debug/CMakeFiles/CMakeTmp/testCXXCompiler.cxx
Linking CXX executable cmTC_e1d00
"/Users/stepanjakl/Library/Application Support/JetBrains/Toolbox/apps/CLion/ch-0/192.6262.62/CLion.app/Contents/bin/cmake/mac/bin/cmake" -E cmake_link_script CMakeFiles/cmTC_e1d00.dir/link.txt --verbose=1
/Library/Developer/CommandLineTools/usr/bin/c++    -Wl,-search_paths_first -Wl,-headerpad_max_install_names   CMakeFiles/cmTC_e1d00.dir/testCXXCompiler.cxx.o  -o cmTC_e1d00 


Detecting CXX compiler ABI info compiled with the following output:
Change Dir: /Users/stepanjakl/CLionProjects/aerofyt-clion-platformio-project/cmake-build-debug/CMakeFiles/CMakeTmp

Run Build Command(s):/usr/bin/make cmTC_df3e1/fast 
/Library/Developer/CommandLineTools/usr/bin/make -f CMakeFiles/cmTC_df3e1.dir/build.make CMakeFiles/cmTC_df3e1.dir/build
Building CXX object CMakeFiles/cmTC_df3e1.dir/CMakeCXXCompilerABI.cpp.o
/Library/Developer/CommandLineTools/usr/bin/c++    -v -Wl,-v -o CMakeFiles/cmTC_df3e1.dir/CMakeCXXCompilerABI.cpp.o -c "/Users/stepanjakl/Library/Application Support/JetBrains/Toolbox/apps/CLion/ch-0/192.6262.62/CLion.app/Contents/bin/cmake/mac/share/cmake-3.14/Modules/CMakeCXXCompilerABI.cpp"
Apple LLVM version 10.0.0 (clang-1000.10.44.4)
Target: x86_64-apple-darwin17.7.0
Thread model: posix
InstalledDir: /Library/Developer/CommandLineTools/usr/bin
clang: warning: -Wl,-v: 'linker' input unused [-Wunused-command-line-argument]
 "/Library/Developer/CommandLineTools/usr/bin/clang" -cc1 -triple x86_64-apple-macosx10.13.0 -Wdeprecated-objc-isa-usage -Werror=deprecated-objc-isa-usage -emit-obj -mrelax-all -disable-free -disable-llvm-verifier -discard-value-names -main-file-name CMakeCXXCompilerABI.cpp -mrelocation-model pic -pic-level 2 -mthread-model posix -mdisable-fp-elim -fno-strict-return -masm-verbose -munwind-tables -target-cpu penryn -dwarf-column-info -debugger-tuning=lldb -target-linker-version 409.12 -v -coverage-notes-file /Users/stepanjakl/CLionProjects/aerofyt-clion-platformio-project/cmake-build-debug/CMakeFiles/CMakeTmp/CMakeFiles/cmTC_df3e1.dir/CMakeCXXCompilerABI.cpp.gcno -resource-dir /Library/Developer/CommandLineTools/usr/lib/clang/10.0.0 -stdlib=libc++ -fdeprecated-macro -fdebug-compilation-dir /Users/stepanjakl/CLionProjects/aerofyt-clion-platformio-project/cmake-build-debug/CMakeFiles/CMakeTmp -ferror-limit 19 -fmessage-length 0 -stack-protector 1 -fblocks -fencode-extended-block-signature -fobjc-runtime=macosx-10.13.0 -fcxx-exceptions -fexceptions -fmax-type-align=16 -fdiagnostics-show-option -o CMakeFiles/cmTC_df3e1.dir/CMakeCXXCompilerABI.cpp.o -x c++ /Users/stepanjakl/Library/Application Support/JetBrains/Toolbox/apps/CLion/ch-0/192.6262.62/CLion.app/Contents/bin/cmake/mac/share/cmake-3.14/Modules/CMakeCXXCompilerABI.cpp
clang -cc1 version 10.0.0 (clang-1000.10.44.4) default target x86_64-apple-darwin17.7.0
ignoring nonexistent directory "/usr/include/c++/v1"
#include "..." search starts here:
#include <...> search starts here:
 /Library/Developer/CommandLineTools/usr/include/c++/v1
 /usr/local/include
 /Library/Developer/CommandLineTools/usr/lib/clang/10.0.0/include
 /Library/Developer/CommandLineTools/usr/include
 /usr/include
 /System/Library/Frameworks (framework directory)
 /Library/Frameworks (framework directory)
End of search list.
Linking CXX executable cmTC_df3e1
"/Users/stepanjakl/Library/Application Support/JetBrains/Toolbox/apps/CLion/ch-0/192.6262.62/CLion.app/Contents/bin/cmake/mac/bin/cmake" -E cmake_link_script CMakeFiles/cmTC_df3e1.dir/link.txt --verbose=1
/Library/Developer/CommandLineTools/usr/bin/c++    -Wl,-search_paths_first -Wl,-headerpad_max_install_names  -v -Wl,-v CMakeFiles/cmTC_df3e1.dir/CMakeCXXCompilerABI.cpp.o  -o cmTC_df3e1 
Apple LLVM version 10.0.0 (clang-1000.10.44.4)
Target: x86_64-apple-darwin17.7.0
Thread model: posix
InstalledDir: /Library/Developer/CommandLineTools/usr/bin
 "/Library/Developer/CommandLineTools/usr/bin/ld" -demangle -lto_library /Library/Developer/CommandLineTools/usr/lib/libLTO.dylib -dynamic -arch x86_64 -macosx_version_min 10.13.0 -o cmTC_df3e1 -search_paths_first -headerpad_max_install_names -v CMakeFiles/cmTC_df3e1.dir/CMakeCXXCompilerABI.cpp.o -lc++ -lSystem /Library/Developer/CommandLineTools/usr/lib/clang/10.0.0/lib/darwin/libclang_rt.osx.a
@(#)PROGRAM:ld  PROJECT:ld64-409.12
BUILD 17:47:51 Sep 25 2018
configured to support archs: armv6 armv7 armv7s arm64 i386 x86_64 x86_64h armv6m armv7k armv7m armv7em
Library search paths:
	/usr/lib
	/usr/local/lib
Framework search paths:
	/Library/Frameworks/
	/System/Library/Frameworks/


Parsed CXX implicit include dir info from above output: rv=done
  found start of include info
  found start of implicit include info
    add: [/Library/Developer/CommandLineTools/usr/include/c++/v1]
    add: [/usr/local/include]
    add: [/Library/Developer/CommandLineTools/usr/lib/clang/10.0.0/include]
    add: [/Library/Developer/CommandLineTools/usr/include]
    add: [/usr/include]
  end of search list found
  collapse include dir [/Library/Developer/CommandLineTools/usr/include/c++/v1] ==> [/Library/Developer/CommandLineTools/usr/include/c++/v1]
  collapse include dir [/usr/local/include] ==> [/usr/local/include]
  collapse include dir [/Library/Developer/CommandLineTools/usr/lib/clang/10.0.0/include] ==> [/Library/Developer/CommandLineTools/usr/lib/clang/10.0.0/include]
  collapse include dir [/Library/Developer/CommandLineTools/usr/include] ==> [/Library/Developer/CommandLineTools/usr/include]
  collapse include dir [/usr/include] ==> [/usr/include]
  implicit include dirs: [/Library/Developer/CommandLineTools/usr/include/c++/v1;/usr/local/include;/Library/Developer/CommandLineTools/usr/lib/clang/10.0.0/include;/Library/Developer/CommandLineTools/usr/include;/usr/include]


Parsed CXX implicit link information from above output:
  link line regex: [^( *|.*[/\])(ld|CMAKE_LINK_STARTFILE-NOTFOUND|([^/\]+-)?ld|collect2)[^/\]*( |$)]
  ignore line: [Change Dir: /Users/stepanjakl/CLionProjects/aerofyt-clion-platformio-project/cmake-build-debug/CMakeFiles/CMakeTmp]
  ignore line: []
  ignore line: [Run Build Command(s):/usr/bin/make cmTC_df3e1/fast ]
  ignore line: [/Library/Developer/CommandLineTools/usr/bin/make -f CMakeFiles/cmTC_df3e1.dir/build.make CMakeFiles/cmTC_df3e1.dir/build]
  ignore line: [Building CXX object CMakeFiles/cmTC_df3e1.dir/CMakeCXXCompilerABI.cpp.o]
  ignore line: [/Library/Developer/CommandLineTools/usr/bin/c++    -v -Wl,-v -o CMakeFiles/cmTC_df3e1.dir/CMakeCXXCompilerABI.cpp.o -c "/Users/stepanjakl/Library/Application Support/JetBrains/Toolbox/apps/CLion/ch-0/192.6262.62/CLion.app/Contents/bin/cmake/mac/share/cmake-3.14/Modules/CMakeCXXCompilerABI.cpp"]
  ignore line: [Apple LLVM version 10.0.0 (clang-1000.10.44.4)]
  ignore line: [Target: x86_64-apple-darwin17.7.0]
  ignore line: [Thread model: posix]
  ignore line: [InstalledDir: /Library/Developer/CommandLineTools/usr/bin]
  ignore line: [clang: warning: -Wl,-v: 'linker' input unused [-Wunused-command-line-argument]]
  ignore line: [ "/Library/Developer/CommandLineTools/usr/bin/clang" -cc1 -triple x86_64-apple-macosx10.13.0 -Wdeprecated-objc-isa-usage -Werror=deprecated-objc-isa-usage -emit-obj -mrelax-all -disable-free -disable-llvm-verifier -discard-value-names -main-file-name CMakeCXXCompilerABI.cpp -mrelocation-model pic -pic-level 2 -mthread-model posix -mdisable-fp-elim -fno-strict-return -masm-verbose -munwind-tables -target-cpu penryn -dwarf-column-info -debugger-tuning=lldb -target-linker-version 409.12 -v -coverage-notes-file /Users/stepanjakl/CLionProjects/aerofyt-clion-platformio-project/cmake-build-debug/CMakeFiles/CMakeTmp/CMakeFiles/cmTC_df3e1.dir/CMakeCXXCompilerABI.cpp.gcno -resource-dir /Library/Developer/CommandLineTools/usr/lib/clang/10.0.0 -stdlib=libc++ -fdeprecated-macro -fdebug-compilation-dir /Users/stepanjakl/CLionProjects/aerofyt-clion-platformio-project/cmake-build-debug/CMakeFiles/CMakeTmp -ferror-limit 19 -fmessage-length 0 -stack-protector 1 -fblocks -fencode-extended-block-signature -fobjc-runtime=macosx-10.13.0 -fcxx-exceptions -fexceptions -fmax-type-align=16 -fdiagnostics-show-option -o CMakeFiles/cmTC_df3e1.dir/CMakeCXXCompilerABI.cpp.o -x c++ /Users/stepanjakl/Library/Application Support/JetBrains/Toolbox/apps/CLion/ch-0/192.6262.62/CLion.app/Contents/bin/cmake/mac/share/cmake-3.14/Modules/CMakeCXXCompilerABI.cpp]
  ignore line: [clang -cc1 version 10.0.0 (clang-1000.10.44.4) default target x86_64-apple-darwin17.7.0]
  ignore line: [ignoring nonexistent directory "/usr/include/c++/v1"]
  ignore line: [#include "..." search starts here:]
  ignore line: [#include <...> search starts here:]
  ignore line: [ /Library/Developer/CommandLineTools/usr/include/c++/v1]
  ignore line: [ /usr/local/include]
  ignore line: [ /Library/Developer/CommandLineTools/usr/lib/clang/10.0.0/include]
  ignore line: [ /Library/Developer/CommandLineTools/usr/include]
  ignore line: [ /usr/include]
  ignore line: [ /System/Library/Frameworks (framework directory)]
  ignore line: [ /Library/Frameworks (framework directory)]
  ignore line: [End of search list.]
  ignore line: [Linking CXX executable cmTC_df3e1]
  ignore line: ["/Users/stepanjakl/Library/Application Support/JetBrains/Toolbox/apps/CLion/ch-0/192.6262.62/CLion.app/Contents/bin/cmake/mac/bin/cmake" -E cmake_link_script CMakeFiles/cmTC_df3e1.dir/link.txt --verbose=1]
  ignore line: [/Library/Developer/CommandLineTools/usr/bin/c++    -Wl,-search_paths_first -Wl,-headerpad_max_install_names  -v -Wl,-v CMakeFiles/cmTC_df3e1.dir/CMakeCXXCompilerABI.cpp.o  -o cmTC_df3e1 ]
  ignore line: [Apple LLVM version 10.0.0 (clang-1000.10.44.4)]
  ignore line: [Target: x86_64-apple-darwin17.7.0]
  ignore line: [Thread model: posix]
  ignore line: [InstalledDir: /Library/Developer/CommandLineTools/usr/bin]
  link line: [ "/Library/Developer/CommandLineTools/usr/bin/ld" -demangle -lto_library /Library/Developer/CommandLineTools/usr/lib/libLTO.dylib -dynamic -arch x86_64 -macosx_version_min 10.13.0 -o cmTC_df3e1 -search_paths_first -headerpad_max_install_names -v CMakeFiles/cmTC_df3e1.dir/CMakeCXXCompilerABI.cpp.o -lc++ -lSystem /Library/Developer/CommandLineTools/usr/lib/clang/10.0.0/lib/darwin/libclang_rt.osx.a]
    arg [/Library/Developer/CommandLineTools/usr/bin/ld] ==> ignore
    arg [-demangle] ==> ignore
    arg [-lto_library] ==> ignore, skip following value
    arg [/Library/Developer/CommandLineTools/usr/lib/libLTO.dylib] ==> skip value of -lto_library
    arg [-dynamic] ==> ignore
    arg [-arch] ==> ignore
    arg [x86_64] ==> ignore
    arg [-macosx_version_min] ==> ignore
    arg [10.13.0] ==> ignore
    arg [-o] ==> ignore
    arg [cmTC_df3e1] ==> ignore
    arg [-search_paths_first] ==> ignore
    arg [-headerpad_max_install_names] ==> ignore
    arg [-v] ==> ignore
    arg [CMakeFiles/cmTC_df3e1.dir/CMakeCXXCompilerABI.cpp.o] ==> ignore
    arg [-lc++] ==> lib [c++]
    arg [-lSystem] ==> lib [System]
    arg [/Library/Developer/CommandLineTools/usr/lib/clang/10.0.0/lib/darwin/libclang_rt.osx.a] ==> lib [/Library/Developer/CommandLineTools/usr/lib/clang/10.0.0/lib/darwin/libclang_rt.osx.a]
  Library search paths: [;/usr/lib;/usr/local/lib]
  Framework search paths: [;/Library/Frameworks/;/System/Library/Frameworks/]
  remove lib [System]
  remove lib [/Library/Developer/CommandLineTools/usr/lib/clang/10.0.0/lib/darwin/libclang_rt.osx.a]
  collapse library dir [/usr/lib] ==> [/usr/lib]
  collapse library dir [/usr/local/lib] ==> [/usr/local/lib]
  collapse framework dir [/Library/Frameworks/] ==> [/Library/Frameworks]
  collapse framework dir [/System/Library/Frameworks/] ==> [/System/Library/Frameworks]
  implicit libs: [c++]
  implicit dirs: [/usr/lib;/usr/local/lib]
  implicit fwks: [/Library/Frameworks;/System/Library/Frameworks]




Detecting CXX [-std=c++1z] compiler features compiled with the following output:
Change Dir: /Users/stepanjakl/CLionProjects/aerofyt-clion-platformio-project/cmake-build-debug/CMakeFiles/CMakeTmp

Run Build Command(s):/usr/bin/make cmTC_1980c/fast 
/Library/Developer/CommandLineTools/usr/bin/make -f CMakeFiles/cmTC_1980c.dir/build.make CMakeFiles/cmTC_1980c.dir/build
Building CXX object CMakeFiles/cmTC_1980c.dir/feature_tests.cxx.o
/Library/Developer/CommandLineTools/usr/bin/c++    -std=c++1z -o CMakeFiles/cmTC_1980c.dir/feature_tests.cxx.o -c /Users/stepanjakl/CLionProjects/aerofyt-clion-platformio-project/cmake-build-debug/CMakeFiles/feature_tests.cxx
Linking CXX executable cmTC_1980c
"/Users/stepanjakl/Library/Application Support/JetBrains/Toolbox/apps/CLion/ch-0/192.6262.62/CLion.app/Contents/bin/cmake/mac/bin/cmake" -E cmake_link_script CMakeFiles/cmTC_1980c.dir/link.txt --verbose=1
/Library/Developer/CommandLineTools/usr/bin/c++    -Wl,-search_paths_first -Wl,-headerpad_max_install_names   CMakeFiles/cmTC_1980c.dir/feature_tests.cxx.o  -o cmTC_1980c 


    Feature record: CXX_FEATURE:1cxx_aggregate_default_initializers
    Feature record: CXX_FEATURE:1cxx_alias_templates
    Feature record: CXX_FEATURE:1cxx_alignas
    Feature record: CXX_FEATURE:1cxx_alignof
    Feature record: CXX_FEATURE:1cxx_attributes
    Feature record: CXX_FEATURE:1cxx_attribute_deprecated
    Feature record: CXX_FEATURE:1cxx_auto_type
    Feature record: CXX_FEATURE:1cxx_binary_literals
    Feature record: CXX_FEATURE:1cxx_constexpr
    Feature record: CXX_FEATURE:1cxx_contextual_conversions
    Feature record: CXX_FEATURE:1cxx_decltype
    Feature record: CXX_FEATURE:1cxx_decltype_auto
    Feature record: CXX_FEATURE:1cxx_decltype_incomplete_return_types
    Feature record: CXX_FEATURE:1cxx_default_function_template_args
    Feature record: CXX_FEATURE:1cxx_defaulted_functions
    Feature record: CXX_FEATURE:1cxx_defaulted_move_initializers
    Feature record: CXX_FEATURE:1cxx_delegating_constructors
    Feature record: CXX_FEATURE:1cxx_deleted_functions
    Feature record: CXX_FEATURE:1cxx_digit_separators
    Feature record: CXX_FEATURE:1cxx_enum_forward_declarations
    Feature record: CXX_FEATURE:1cxx_explicit_conversions
    Feature record: CXX_FEATURE:1cxx_extended_friend_declarations
    Feature record: CXX_FEATURE:1cxx_extern_templates
    Feature record: CXX_FEATURE:1cxx_final
    Feature record: CXX_FEATURE:1cxx_func_identifier
    Feature record: CXX_FEATURE:1cxx_generalized_initializers
    Feature record: CXX_FEATURE:1cxx_generic_lambdas
    Feature record: CXX_FEATURE:1cxx_inheriting_constructors
    Feature record: CXX_FEATURE:1cxx_inline_namespaces
    Feature record: CXX_FEATURE:1cxx_lambdas
    Feature record: CXX_FEATURE:1cxx_lambda_init_captures
    Feature record: CXX_FEATURE:1cxx_local_type_template_args
    Feature record: CXX_FEATURE:1cxx_long_long_type
    Feature record: CXX_FEATURE:1cxx_noexcept
    Feature record: CXX_FEATURE:1cxx_nonstatic_member_init
    Feature record: CXX_FEATURE:1cxx_nullptr
    Feature record: CXX_FEATURE:1cxx_override
    Feature record: CXX_FEATURE:1cxx_range_for
    Feature record: CXX_FEATURE:1cxx_raw_string_literals
    Feature record: CXX_FEATURE:1cxx_reference_qualified_functions
    Feature record: CXX_FEATURE:1cxx_relaxed_constexpr
    Feature record: CXX_FEATURE:1cxx_return_type_deduction
    Feature record: CXX_FEATURE:1cxx_right_angle_brackets
    Feature record: CXX_FEATURE:1cxx_rvalue_references
    Feature record: CXX_FEATURE:1cxx_sizeof_member
    Feature record: CXX_FEATURE:1cxx_static_assert
    Feature record: CXX_FEATURE:1cxx_strong_enums
    Feature record: CXX_FEATURE:1cxx_template_template_parameters
    Feature record: CXX_FEATURE:1cxx_thread_local
    Feature record: CXX_FEATURE:1cxx_trailing_return_types
    Feature record: CXX_FEATURE:1cxx_unicode_literals
    Feature record: CXX_FEATURE:1cxx_uniform_initialization
    Feature record: CXX_FEATURE:1cxx_unrestricted_unions
    Feature record: CXX_FEATURE:1cxx_user_literals
    Feature record: CXX_FEATURE:1cxx_variable_templates
    Feature record: CXX_FEATURE:1cxx_variadic_macros
    Feature record: CXX_FEATURE:1cxx_variadic_templates


Detecting CXX [-std=c++14] compiler features compiled with the following output:
Change Dir: /Users/stepanjakl/CLionProjects/aerofyt-clion-platformio-project/cmake-build-debug/CMakeFiles/CMakeTmp

Run Build Command(s):/usr/bin/make cmTC_f3c3b/fast 
/Library/Developer/CommandLineTools/usr/bin/make -f CMakeFiles/cmTC_f3c3b.dir/build.make CMakeFiles/cmTC_f3c3b.dir/build
Building CXX object CMakeFiles/cmTC_f3c3b.dir/feature_tests.cxx.o
/Library/Developer/CommandLineTools/usr/bin/c++    -std=c++14 -o CMakeFiles/cmTC_f3c3b.dir/feature_tests.cxx.o -c /Users/stepanjakl/CLionProjects/aerofyt-clion-platformio-project/cmake-build-debug/CMakeFiles/feature_tests.cxx
Linking CXX executable cmTC_f3c3b
"/Users/stepanjakl/Library/Application Support/JetBrains/Toolbox/apps/CLion/ch-0/192.6262.62/CLion.app/Contents/bin/cmake/mac/bin/cmake" -E cmake_link_script CMakeFiles/cmTC_f3c3b.dir/link.txt --verbose=1
/Library/Developer/CommandLineTools/usr/bin/c++    -Wl,-search_paths_first -Wl,-headerpad_max_install_names   CMakeFiles/cmTC_f3c3b.dir/feature_tests.cxx.o  -o cmTC_f3c3b 


    Feature record: CXX_FEATURE:1cxx_aggregate_default_initializers
    Feature record: CXX_FEATURE:1cxx_alias_templates
    Feature record: CXX_FEATURE:1cxx_alignas
    Feature record: CXX_FEATURE:1cxx_alignof
    Feature record: CXX_FEATURE:1cxx_attributes
    Feature record: CXX_FEATURE:1cxx_attribute_deprecated
    Feature record: CXX_FEATURE:1cxx_auto_type
    Feature record: CXX_FEATURE:1cxx_binary_literals
    Feature record: CXX_FEATURE:1cxx_constexpr
    Feature record: CXX_FEATURE:1cxx_contextual_conversions
    Feature record: CXX_FEATURE:1cxx_decltype
    Feature record: CXX_FEATURE:1cxx_decltype_auto
    Feature record: CXX_FEATURE:1cxx_decltype_incomplete_return_types
    Feature record: CXX_FEATURE:1cxx_default_function_template_args
    Feature record: CXX_FEATURE:1cxx_defaulted_functions
    Feature record: CXX_FEATURE:1cxx_defaulted_move_initializers
    Feature record: CXX_FEATURE:1cxx_delegating_constructors
    Feature record: CXX_FEATURE:1cxx_deleted_functions
    Feature record: CXX_FEATURE:1cxx_digit_separators
    Feature record: CXX_FEATURE:1cxx_enum_forward_declarations
    Feature record: CXX_FEATURE:1cxx_explicit_conversions
    Feature record: CXX_FEATURE:1cxx_extended_friend_declarations
    Feature record: CXX_FEATURE:1cxx_extern_templates
    Feature record: CXX_FEATURE:1cxx_final
    Feature record: CXX_FEATURE:1cxx_func_identifier
    Feature record: CXX_FEATURE:1cxx_generalized_initializers
    Feature record: CXX_FEATURE:1cxx_generic_lambdas
    Feature record: CXX_FEATURE:1cxx_inheriting_constructors
    Feature record: CXX_FEATURE:1cxx_inline_namespaces
    Feature record: CXX_FEATURE:1cxx_lambdas
    Feature record: CXX_FEATURE:1cxx_lambda_init_captures
    Feature record: CXX_FEATURE:1cxx_local_type_template_args
    Feature record: CXX_FEATURE:1cxx_long_long_type
    Feature record: CXX_FEATURE:1cxx_noexcept
    Feature record: CXX_FEATURE:1cxx_nonstatic_member_init
    Feature record: CXX_FEATURE:1cxx_nullptr
    Feature record: CXX_FEATURE:1cxx_override
    Feature record: CXX_FEATURE:1cxx_range_for
    Feature record: CXX_FEATURE:1cxx_raw_string_literals
    Feature record: CXX_FEATURE:1cxx_reference_qualified_functions
    Feature record: CXX_FEATURE:1cxx_relaxed_constexpr
    Feature record: CXX_FEATURE:1cxx_return_type_deduction
    Feature record: CXX_FEATURE:1cxx_right_angle_brackets
    Feature record: CXX_FEATURE:1cxx_rvalue_references
    Feature record: CXX_FEATURE:1cxx_sizeof_member
    Feature record: CXX_FEATURE:1cxx_static_assert
    Feature record: CXX_FEATURE:1cxx_strong_enums
    Feature record: CXX_FEATURE:1cxx_template_template_parameters
    Feature record: CXX_FEATURE:1cxx_thread_local
    Feature record: CXX_FEATURE:1cxx_trailing_return_types
    Feature record: CXX_FEATURE:1cxx_unicode_literals
    Feature record: CXX_FEATURE:1cxx_uniform_initialization
    Feature record: CXX_FEATURE:1cxx_unrestricted_unions
    Feature record: CXX_FEATURE:1cxx_user_literals
    Feature record: CXX_FEATURE:1cxx_variable_templates
    Feature record: CXX_FEATURE:1cxx_variadic_macros
    Feature record: CXX_FEATURE:1cxx_variadic_templates


Detecting CXX [-std=c++11] compiler features compiled with the following output:
Change Dir: /Users/stepanjakl/CLionProjects/aerofyt-clion-platformio-project/cmake-build-debug/CMakeFiles/CMakeTmp

Run Build Command(s):/usr/bin/make cmTC_88500/fast 
/Library/Developer/CommandLineTools/usr/bin/make -f CMakeFiles/cmTC_88500.dir/build.make CMakeFiles/cmTC_88500.dir/build
Building CXX object CMakeFiles/cmTC_88500.dir/feature_tests.cxx.o
/Library/Developer/CommandLineTools/usr/bin/c++    -std=c++11 -o CMakeFiles/cmTC_88500.dir/feature_tests.cxx.o -c /Users/stepanjakl/CLionProjects/aerofyt-clion-platformio-project/cmake-build-debug/CMakeFiles/feature_tests.cxx
Linking CXX executable cmTC_88500
"/Users/stepanjakl/Library/Application Support/JetBrains/Toolbox/apps/CLion/ch-0/192.6262.62/CLion.app/Contents/bin/cmake/mac/bin/cmake" -E cmake_link_script CMakeFiles/cmTC_88500.dir/link.txt --verbose=1
/Library/Developer/CommandLineTools/usr/bin/c++    -Wl,-search_paths_first -Wl,-headerpad_max_install_names   CMakeFiles/cmTC_88500.dir/feature_tests.cxx.o  -o cmTC_88500 


    Feature record: CXX_FEATURE:0cxx_aggregate_default_initializers
    Feature record: CXX_FEATURE:1cxx_alias_templates
    Feature record: CXX_FEATURE:1cxx_alignas
    Feature record: CXX_FEATURE:1cxx_alignof
    Feature record: CXX_FEATURE:1cxx_attributes
    Feature record: CXX_FEATURE:0cxx_attribute_deprecated
    Feature record: CXX_FEATURE:1cxx_auto_type
    Feature record: CXX_FEATURE:0cxx_binary_literals
    Feature record: CXX_FEATURE:1cxx_constexpr
    Feature record: CXX_FEATURE:0cxx_contextual_conversions
    Feature record: CXX_FEATURE:1cxx_decltype
    Feature record: CXX_FEATURE:0cxx_decltype_auto
    Feature record: CXX_FEATURE:1cxx_decltype_incomplete_return_types
    Feature record: CXX_FEATURE:1cxx_default_function_template_args
    Feature record: CXX_FEATURE:1cxx_defaulted_functions
    Feature record: CXX_FEATURE:1cxx_defaulted_move_initializers
    Feature record: CXX_FEATURE:1cxx_delegating_constructors
    Feature record: CXX_FEATURE:1cxx_deleted_functions
    Feature record: CXX_FEATURE:0cxx_digit_separators
    Feature record: CXX_FEATURE:1cxx_enum_forward_declarations
    Feature record: CXX_FEATURE:1cxx_explicit_conversions
    Feature record: CXX_FEATURE:1cxx_extended_friend_declarations
    Feature record: CXX_FEATURE:1cxx_extern_templates
    Feature record: CXX_FEATURE:1cxx_final
    Feature record: CXX_FEATURE:1cxx_func_identifier
    Feature record: CXX_FEATURE:1cxx_generalized_initializers
    Feature record: CXX_FEATURE:0cxx_generic_lambdas
    Feature record: CXX_FEATURE:1cxx_inheriting_constructors
    Feature record: CXX_FEATURE:1cxx_inline_namespaces
    Feature record: CXX_FEATURE:1cxx_lambdas
    Feature record: CXX_FEATURE:0cxx_lambda_init_captures
    Feature record: CXX_FEATURE:1cxx_local_type_template_args
    Feature record: CXX_FEATURE:1cxx_long_long_type
    Feature record: CXX_FEATURE:1cxx_noexcept
    Feature record: CXX_FEATURE:1cxx_nonstatic_member_init
    Feature record: CXX_FEATURE:1cxx_nullptr
    Feature record: CXX_FEATURE:1cxx_override
    Feature record: CXX_FEATURE:1cxx_range_for
    Feature record: CXX_FEATURE:1cxx_raw_string_literals
    Feature record: CXX_FEATURE:1cxx_reference_qualified_functions
    Feature record: CXX_FEATURE:0cxx_relaxed_constexpr
    Feature record: CXX_FEATURE:0cxx_return_type_deduction
    Feature record: CXX_FEATURE:1cxx_right_angle_brackets
    Feature record: CXX_FEATURE:1cxx_rvalue_references
    Feature record: CXX_FEATURE:1cxx_sizeof_member
    Feature record: CXX_FEATURE:1cxx_static_assert
    Feature record: CXX_FEATURE:1cxx_strong_enums
    Feature record: CXX_FEATURE:1cxx_template_template_parameters
    Feature record: CXX_FEATURE:1cxx_thread_local
    Feature record: CXX_FEATURE:1cxx_trailing_return_types
    Feature record: CXX_FEATURE:1cxx_unicode_literals
    Feature record: CXX_FEATURE:1cxx_uniform_initialization
    Feature record: CXX_FEATURE:1cxx_unrestricted_unions
    Feature record: CXX_FEATURE:1cxx_user_literals
    Feature record: CXX_FEATURE:0cxx_variable_templates
    Feature record: CXX_FEATURE:1cxx_variadic_macros
    Feature record: CXX_FEATURE:1cxx_variadic_templates


Detecting CXX [-std=c++98] compiler features compiled with the following output:
Change Dir: /Users/stepanjakl/CLionProjects/aerofyt-clion-platformio-project/cmake-build-debug/CMakeFiles/CMakeTmp

Run Build Command(s):/usr/bin/make cmTC_21d64/fast 
/Library/Developer/CommandLineTools/usr/bin/make -f CMakeFiles/cmTC_21d64.dir/build.make CMakeFiles/cmTC_21d64.dir/build
Building CXX object CMakeFiles/cmTC_21d64.dir/feature_tests.cxx.o
/Library/Developer/CommandLineTools/usr/bin/c++    -std=c++98 -o CMakeFiles/cmTC_21d64.dir/feature_tests.cxx.o -c /Users/stepanjakl/CLionProjects/aerofyt-clion-platformio-project/cmake-build-debug/CMakeFiles/feature_tests.cxx
Linking CXX executable cmTC_21d64
"/Users/stepanjakl/Library/Application Support/JetBrains/Toolbox/apps/CLion/ch-0/192.6262.62/CLion.app/Contents/bin/cmake/mac/bin/cmake" -E cmake_link_script CMakeFiles/cmTC_21d64.dir/link.txt --verbose=1
/Library/Developer/CommandLineTools/usr/bin/c++    -Wl,-search_paths_first -Wl,-headerpad_max_install_names   CMakeFiles/cmTC_21d64.dir/feature_tests.cxx.o  -o cmTC_21d64 


    Feature record: CXX_FEATURE:0cxx_aggregate_default_initializers
    Feature record: CXX_FEATURE:0cxx_alias_templates
    Feature record: CXX_FEATURE:0cxx_alignas
    Feature record: CXX_FEATURE:0cxx_alignof
    Feature record: CXX_FEATURE:0cxx_attributes
    Feature record: CXX_FEATURE:0cxx_attribute_deprecated
    Feature record: CXX_FEATURE:0cxx_auto_type
    Feature record: CXX_FEATURE:0cxx_binary_literals
    Feature record: CXX_FEATURE:0cxx_constexpr
    Feature record: CXX_FEATURE:0cxx_contextual_conversions
    Feature record: CXX_FEATURE:0cxx_decltype
    Feature record: CXX_FEATURE:0cxx_decltype_auto
    Feature record: CXX_FEATURE:0cxx_decltype_incomplete_return_types
    Feature record: CXX_FEATURE:0cxx_default_function_template_args
    Feature record: CXX_FEATURE:0cxx_defaulted_functions
    Feature record: CXX_FEATURE:0cxx_defaulted_move_initializers
    Feature record: CXX_FEATURE:0cxx_delegating_constructors
    Feature record: CXX_FEATURE:0cxx_deleted_functions
    Feature record: CXX_FEATURE:0cxx_digit_separators
    Feature record: CXX_FEATURE:0cxx_enum_forward_declarations
    Feature record: CXX_FEATURE:0cxx_explicit_conversions
    Feature record: CXX_FEATURE:0cxx_extended_friend_declarations
    Feature record: CXX_FEATURE:0cxx_extern_templates
    Feature record: CXX_FEATURE:0cxx_final
    Feature record: CXX_FEATURE:0cxx_func_identifier
    Feature record: CXX_FEATURE:0cxx_generalized_initializers
    Feature record: CXX_FEATURE:0cxx_generic_lambdas
    Feature record: CXX_FEATURE:0cxx_inheriting_constructors
    Feature record: CXX_FEATURE:0cxx_inline_namespaces
    Feature record: CXX_FEATURE:0cxx_lambdas
    Feature record: CXX_FEATURE:0cxx_lambda_init_captures
    Feature record: CXX_FEATURE:0cxx_local_type_template_args
    Feature record: CXX_FEATURE:0cxx_long_long_type
    Feature record: CXX_FEATURE:0cxx_noexcept
    Feature record: CXX_FEATURE:0cxx_nonstatic_member_init
    Feature record: CXX_FEATURE:0cxx_nullptr
    Feature record: CXX_FEATURE:0cxx_override
    Feature record: CXX_FEATURE:0cxx_range_for
    Feature record: CXX_FEATURE:0cxx_raw_string_literals
    Feature record: CXX_FEATURE:0cxx_reference_qualified_functions
    Feature record: CXX_FEATURE:0cxx_relaxed_constexpr
    Feature record: CXX_FEATURE:0cxx_return_type_deduction
    Feature record: CXX_FEATURE:0cxx_right_angle_brackets
    Feature record: CXX_FEATURE:0cxx_rvalue_references
    Feature record: CXX_FEATURE:0cxx_sizeof_member
    Feature record: CXX_FEATURE:0cxx_static_assert
    Feature record: CXX_FEATURE:0cxx_strong_enums
    Feature record: CXX_FEATURE:1cxx_template_template_parameters
    Feature record: CXX_FEATURE:0cxx_thread_local
    Feature record: CXX_FEATURE:0cxx_trailing_return_types
    Feature record: CXX_FEATURE:0cxx_unicode_literals
    Feature record: CXX_FEATURE:0cxx_uniform_initialization
    Feature record: CXX_FEATURE:0cxx_unrestricted_unions
    Feature record: CXX_FEATURE:0cxx_user_literals
    Feature record: CXX_FEATURE:0cxx_variable_templates
    Feature record: CXX_FEATURE:0cxx_variadic_macros
    Feature record: CXX_FEATURE:0cxx_variadic_templates
The system is: Darwin - 17.7.0 - x86_64
Compiling the C compiler identification source file "CMakeCCompilerId.c" succeeded.
Compiler: /Library/Developer/CommandLineTools/usr/bin/cc 
Build flags: 
Id flags:  

The output was:
0


Compilation of the C compiler identification source "CMakeCCompilerId.c" produced "a.out"

The C compiler identification is AppleClang, found in "/Users/stepanjakl/CLionProjects/aerofyt-clion-platformio-project/cmake-build-debug/CMakeFiles/3.15.3/CompilerIdC/a.out"

Compiling the CXX compiler identification source file "CMakeCXXCompilerId.cpp" succeeded.
Compiler: /Library/Developer/CommandLineTools/usr/bin/c++ 
Build flags: 
Id flags:  

The output was:
0


Compilation of the CXX compiler identification source "CMakeCXXCompilerId.cpp" produced "a.out"

The CXX compiler identification is AppleClang, found in "/Users/stepanjakl/CLionProjects/aerofyt-clion-platformio-project/cmake-build-debug/CMakeFiles/3.15.3/CompilerIdCXX/a.out"

Determining if the C compiler works passed with the following output:
Change Dir: /Users/stepanjakl/CLionProjects/aerofyt-clion-platformio-project/cmake-build-debug/CMakeFiles/CMakeTmp

Run Build Command(s):/usr/bin/make cmTC_68c1c/fast && /Library/Developer/CommandLineTools/usr/bin/make -f CMakeFiles/cmTC_68c1c.dir/build.make CMakeFiles/cmTC_68c1c.dir/build
Building C object CMakeFiles/cmTC_68c1c.dir/testCCompiler.c.o
/Library/Developer/CommandLineTools/usr/bin/cc    -o CMakeFiles/cmTC_68c1c.dir/testCCompiler.c.o   -c /Users/stepanjakl/CLionProjects/aerofyt-clion-platformio-project/cmake-build-debug/CMakeFiles/CMakeTmp/testCCompiler.c
Linking C executable cmTC_68c1c
"/Users/stepanjakl/Library/Application Support/JetBrains/Toolbox/apps/CLion/ch-0/193.5233.56/CLion.app/Contents/bin/cmake/mac/bin/cmake" -E cmake_link_script CMakeFiles/cmTC_68c1c.dir/link.txt --verbose=1
/Library/Developer/CommandLineTools/usr/bin/cc   -Wl,-search_paths_first -Wl,-headerpad_max_install_names   CMakeFiles/cmTC_68c1c.dir/testCCompiler.c.o  -o cmTC_68c1c 



Detecting C compiler ABI info compiled with the following output:
Change Dir: /Users/stepanjakl/CLionProjects/aerofyt-clion-platformio-project/cmake-build-debug/CMakeFiles/CMakeTmp

Run Build Command(s):/usr/bin/make cmTC_6ed64/fast && /Library/Developer/CommandLineTools/usr/bin/make -f CMakeFiles/cmTC_6ed64.dir/build.make CMakeFiles/cmTC_6ed64.dir/build
Building C object CMakeFiles/cmTC_6ed64.dir/CMakeCCompilerABI.c.o
/Library/Developer/CommandLineTools/usr/bin/cc   -v -Wl,-v -o CMakeFiles/cmTC_6ed64.dir/CMakeCCompilerABI.c.o   -c "/Users/stepanjakl/Library/Application Support/JetBrains/Toolbox/apps/CLion/ch-0/193.5233.56/CLion.app/Contents/bin/cmake/mac/share/cmake-3.15/Modules/CMakeCCompilerABI.c"
Apple LLVM version 10.0.0 (clang-1000.10.44.4)
Target: x86_64-apple-darwin17.7.0
Thread model: posix
InstalledDir: /Library/Developer/CommandLineTools/usr/bin
clang: warning: -Wl,-v: 'linker' input unused [-Wunused-command-line-argument]
 "/Library/Developer/CommandLineTools/usr/bin/clang" -cc1 -triple x86_64-apple-macosx10.13.0 -Wdeprecated-objc-isa-usage -Werror=deprecated-objc-isa-usage -emit-obj -mrelax-all -disable-free -disable-llvm-verifier -discard-value-names -main-file-name CMakeCCompilerABI.c -mrelocation-model pic -pic-level 2 -mthread-model posix -mdisable-fp-elim -fno-strict-return -masm-verbose -munwind-tables -target-cpu penryn -dwarf-column-info -debugger-tuning=lldb -target-linker-version 409.12 -v -coverage-notes-file /Users/stepanjakl/CLionProjects/aerofyt-clion-platformio-project/cmake-build-debug/CMakeFiles/CMakeTmp/CMakeFiles/cmTC_6ed64.dir/CMakeCCompilerABI.c.gcno -resource-dir /Library/Developer/CommandLineTools/usr/lib/clang/10.0.0 -fdebug-compilation-dir /Users/stepanjakl/CLionProjects/aerofyt-clion-platformio-project/cmake-build-debug/CMakeFiles/CMakeTmp -ferror-limit 19 -fmessage-length 0 -stack-protector 1 -fblocks -fencode-extended-block-signature -fobjc-runtime=macosx-10.13.0 -fmax-type-align=16 -fdiagnostics-show-option -o CMakeFiles/cmTC_6ed64.dir/CMakeCCompilerABI.c.o -x c /Users/stepanjakl/Library/Application Support/JetBrains/Toolbox/apps/CLion/ch-0/193.5233.56/CLion.app/Contents/bin/cmake/mac/share/cmake-3.15/Modules/CMakeCCompilerABI.c
clang -cc1 version 10.0.0 (clang-1000.10.44.4) default target x86_64-apple-darwin17.7.0
#include "..." search starts here:
#include <...> search starts here:
 /usr/local/include
 /Library/Developer/CommandLineTools/usr/lib/clang/10.0.0/include
 /Library/Developer/CommandLineTools/usr/include
 /usr/include
 /System/Library/Frameworks (framework directory)
 /Library/Frameworks (framework directory)
End of search list.
Linking C executable cmTC_6ed64
"/Users/stepanjakl/Library/Application Support/JetBrains/Toolbox/apps/CLion/ch-0/193.5233.56/CLion.app/Contents/bin/cmake/mac/bin/cmake" -E cmake_link_script CMakeFiles/cmTC_6ed64.dir/link.txt --verbose=1
/Library/Developer/CommandLineTools/usr/bin/cc   -Wl,-search_paths_first -Wl,-headerpad_max_install_names  -v -Wl,-v CMakeFiles/cmTC_6ed64.dir/CMakeCCompilerABI.c.o  -o cmTC_6ed64 
Apple LLVM version 10.0.0 (clang-1000.10.44.4)
Target: x86_64-apple-darwin17.7.0
Thread model: posix
InstalledDir: /Library/Developer/CommandLineTools/usr/bin
 "/Library/Developer/CommandLineTools/usr/bin/ld" -demangle -lto_library /Library/Developer/CommandLineTools/usr/lib/libLTO.dylib -dynamic -arch x86_64 -macosx_version_min 10.13.0 -o cmTC_6ed64 -search_paths_first -headerpad_max_install_names -v CMakeFiles/cmTC_6ed64.dir/CMakeCCompilerABI.c.o -lSystem /Library/Developer/CommandLineTools/usr/lib/clang/10.0.0/lib/darwin/libclang_rt.osx.a
@(#)PROGRAM:ld  PROJECT:ld64-409.12
BUILD 17:47:51 Sep 25 2018
configured to support archs: armv6 armv7 armv7s arm64 i386 x86_64 x86_64h armv6m armv7k armv7m armv7em
Library search paths:
	/usr/lib
	/usr/local/lib
Framework search paths:
	/Library/Frameworks/
	/System/Library/Frameworks/



Parsed C implicit include dir info from above output: rv=done
  found start of include info
  found start of implicit include info
    add: [/usr/local/include]
    add: [/Library/Developer/CommandLineTools/usr/lib/clang/10.0.0/include]
    add: [/Library/Developer/CommandLineTools/usr/include]
    add: [/usr/include]
  end of search list found
  collapse include dir [/usr/local/include] ==> [/usr/local/include]
  collapse include dir [/Library/Developer/CommandLineTools/usr/lib/clang/10.0.0/include] ==> [/Library/Developer/CommandLineTools/usr/lib/clang/10.0.0/include]
  collapse include dir [/Library/Developer/CommandLineTools/usr/include] ==> [/Library/Developer/CommandLineTools/usr/include]
  collapse include dir [/usr/include] ==> [/usr/include]
  implicit include dirs: [/usr/local/include;/Library/Developer/CommandLineTools/usr/lib/clang/10.0.0/include;/Library/Developer/CommandLineTools/usr/include;/usr/include]


Parsed C implicit link information from above output:
  link line regex: [^( *|.*[/\])(ld|CMAKE_LINK_STARTFILE-NOTFOUND|([^/\]+-)?ld|collect2)[^/\]*( |$)]
  ignore line: [Change Dir: /Users/stepanjakl/CLionProjects/aerofyt-clion-platformio-project/cmake-build-debug/CMakeFiles/CMakeTmp]
  ignore line: []
  ignore line: [Run Build Command(s):/usr/bin/make cmTC_6ed64/fast && /Library/Developer/CommandLineTools/usr/bin/make -f CMakeFiles/cmTC_6ed64.dir/build.make CMakeFiles/cmTC_6ed64.dir/build]
  ignore line: [Building C object CMakeFiles/cmTC_6ed64.dir/CMakeCCompilerABI.c.o]
  ignore line: [/Library/Developer/CommandLineTools/usr/bin/cc   -v -Wl,-v -o CMakeFiles/cmTC_6ed64.dir/CMakeCCompilerABI.c.o   -c "/Users/stepanjakl/Library/Application Support/JetBrains/Toolbox/apps/CLion/ch-0/193.5233.56/CLion.app/Contents/bin/cmake/mac/share/cmake-3.15/Modules/CMakeCCompilerABI.c"]
  ignore line: [Apple LLVM version 10.0.0 (clang-1000.10.44.4)]
  ignore line: [Target: x86_64-apple-darwin17.7.0]
  ignore line: [Thread model: posix]
  ignore line: [InstalledDir: /Library/Developer/CommandLineTools/usr/bin]
  ignore line: [clang: warning: -Wl,-v: 'linker' input unused [-Wunused-command-line-argument]]
  ignore line: [ "/Library/Developer/CommandLineTools/usr/bin/clang" -cc1 -triple x86_64-apple-macosx10.13.0 -Wdeprecated-objc-isa-usage -Werror=deprecated-objc-isa-usage -emit-obj -mrelax-all -disable-free -disable-llvm-verifier -discard-value-names -main-file-name CMakeCCompilerABI.c -mrelocation-model pic -pic-level 2 -mthread-model posix -mdisable-fp-elim -fno-strict-return -masm-verbose -munwind-tables -target-cpu penryn -dwarf-column-info -debugger-tuning=lldb -target-linker-version 409.12 -v -coverage-notes-file /Users/stepanjakl/CLionProjects/aerofyt-clion-platformio-project/cmake-build-debug/CMakeFiles/CMakeTmp/CMakeFiles/cmTC_6ed64.dir/CMakeCCompilerABI.c.gcno -resource-dir /Library/Developer/CommandLineTools/usr/lib/clang/10.0.0 -fdebug-compilation-dir /Users/stepanjakl/CLionProjects/aerofyt-clion-platformio-project/cmake-build-debug/CMakeFiles/CMakeTmp -ferror-limit 19 -fmessage-length 0 -stack-protector 1 -fblocks -fencode-extended-block-signature -fobjc-runtime=macosx-10.13.0 -fmax-type-align=16 -fdiagnostics-show-option -o CMakeFiles/cmTC_6ed64.dir/CMakeCCompilerABI.c.o -x c /Users/stepanjakl/Library/Application Support/JetBrains/Toolbox/apps/CLion/ch-0/193.5233.56/CLion.app/Contents/bin/cmake/mac/share/cmake-3.15/Modules/CMakeCCompilerABI.c]
  ignore line: [clang -cc1 version 10.0.0 (clang-1000.10.44.4) default target x86_64-apple-darwin17.7.0]
  ignore line: [#include "..." search starts here:]
  ignore line: [#include <...> search starts here:]
  ignore line: [ /usr/local/include]
  ignore line: [ /Library/Developer/CommandLineTools/usr/lib/clang/10.0.0/include]
  ignore line: [ /Library/Developer/CommandLineTools/usr/include]
  ignore line: [ /usr/include]
  ignore line: [ /System/Library/Frameworks (framework directory)]
  ignore line: [ /Library/Frameworks (framework directory)]
  ignore line: [End of search list.]
  ignore line: [Linking C executable cmTC_6ed64]
  ignore line: ["/Users/stepanjakl/Library/Application Support/JetBrains/Toolbox/apps/CLion/ch-0/193.5233.56/CLion.app/Contents/bin/cmake/mac/bin/cmake" -E cmake_link_script CMakeFiles/cmTC_6ed64.dir/link.txt --verbose=1]
  ignore line: [/Library/Developer/CommandLineTools/usr/bin/cc   -Wl,-search_paths_first -Wl,-headerpad_max_install_names  -v -Wl,-v CMakeFiles/cmTC_6ed64.dir/CMakeCCompilerABI.c.o  -o cmTC_6ed64 ]
  ignore line: [Apple LLVM version 10.0.0 (clang-1000.10.44.4)]
  ignore line: [Target: x86_64-apple-darwin17.7.0]
  ignore line: [Thread model: posix]
  ignore line: [InstalledDir: /Library/Developer/CommandLineTools/usr/bin]
  link line: [ "/Library/Developer/CommandLineTools/usr/bin/ld" -demangle -lto_library /Library/Developer/CommandLineTools/usr/lib/libLTO.dylib -dynamic -arch x86_64 -macosx_version_min 10.13.0 -o cmTC_6ed64 -search_paths_first -headerpad_max_install_names -v CMakeFiles/cmTC_6ed64.dir/CMakeCCompilerABI.c.o -lSystem /Library/Developer/CommandLineTools/usr/lib/clang/10.0.0/lib/darwin/libclang_rt.osx.a]
    arg [/Library/Developer/CommandLineTools/usr/bin/ld] ==> ignore
    arg [-demangle] ==> ignore
    arg [-lto_library] ==> ignore, skip following value
    arg [/Library/Developer/CommandLineTools/usr/lib/libLTO.dylib] ==> skip value of -lto_library
    arg [-dynamic] ==> ignore
    arg [-arch] ==> ignore
    arg [x86_64] ==> ignore
    arg [-macosx_version_min] ==> ignore
    arg [10.13.0] ==> ignore
    arg [-o] ==> ignore
    arg [cmTC_6ed64] ==> ignore
    arg [-search_paths_first] ==> ignore
    arg [-headerpad_max_install_names] ==> ignore
    arg [-v] ==> ignore
    arg [CMakeFiles/cmTC_6ed64.dir/CMakeCCompilerABI.c.o] ==> ignore
    arg [-lSystem] ==> lib [System]
    arg [/Library/Developer/CommandLineTools/usr/lib/clang/10.0.0/lib/darwin/libclang_rt.osx.a] ==> lib [/Library/Developer/CommandLineTools/usr/lib/clang/10.0.0/lib/darwin/libclang_rt.osx.a]
  Library search paths: [;/usr/lib;/usr/local/lib]
  Framework search paths: [;/Library/Frameworks/;/System/Library/Frameworks/]
  remove lib [System]
  remove lib [/Library/Developer/CommandLineTools/usr/lib/clang/10.0.0/lib/darwin/libclang_rt.osx.a]
  collapse library dir [/usr/lib] ==> [/usr/lib]
  collapse library dir [/usr/local/lib] ==> [/usr/local/lib]
  collapse framework dir [/Library/Frameworks/] ==> [/Library/Frameworks]
  collapse framework dir [/System/Library/Frameworks/] ==> [/System/Library/Frameworks]
  implicit libs: []
  implicit dirs: [/usr/lib;/usr/local/lib]
  implicit fwks: [/Library/Frameworks;/System/Library/Frameworks]


Determining if the CXX compiler works passed with the following output:
Change Dir: /Users/stepanjakl/CLionProjects/aerofyt-clion-platformio-project/cmake-build-debug/CMakeFiles/CMakeTmp

Run Build Command(s):/usr/bin/make cmTC_36e12/fast && /Library/Developer/CommandLineTools/usr/bin/make -f CMakeFiles/cmTC_36e12.dir/build.make CMakeFiles/cmTC_36e12.dir/build
Building CXX object CMakeFiles/cmTC_36e12.dir/testCXXCompiler.cxx.o
/Library/Developer/CommandLineTools/usr/bin/c++     -o CMakeFiles/cmTC_36e12.dir/testCXXCompiler.cxx.o -c /Users/stepanjakl/CLionProjects/aerofyt-clion-platformio-project/cmake-build-debug/CMakeFiles/CMakeTmp/testCXXCompiler.cxx
Linking CXX executable cmTC_36e12
"/Users/stepanjakl/Library/Application Support/JetBrains/Toolbox/apps/CLion/ch-0/193.5233.56/CLion.app/Contents/bin/cmake/mac/bin/cmake" -E cmake_link_script CMakeFiles/cmTC_36e12.dir/link.txt --verbose=1
/Library/Developer/CommandLineTools/usr/bin/c++    -Wl,-search_paths_first -Wl,-headerpad_max_install_names   CMakeFiles/cmTC_36e12.dir/testCXXCompiler.cxx.o  -o cmTC_36e12 



Detecting CXX compiler ABI info compiled with the following output:
Change Dir: /Users/stepanjakl/CLionProjects/aerofyt-clion-platformio-project/cmake-build-debug/CMakeFiles/CMakeTmp

Run Build Command(s):/usr/bin/make cmTC_ab859/fast && /Library/Developer/CommandLineTools/usr/bin/make -f CMakeFiles/cmTC_ab859.dir/build.make CMakeFiles/cmTC_ab859.dir/build
Building CXX object CMakeFiles/cmTC_ab859.dir/CMakeCXXCompilerABI.cpp.o
/Library/Developer/CommandLineTools/usr/bin/c++    -v -Wl,-v -o CMakeFiles/cmTC_ab859.dir/CMakeCXXCompilerABI.cpp.o -c "/Users/stepanjakl/Library/Application Support/JetBrains/Toolbox/apps/CLion/ch-0/193.5233.56/CLion.app/Contents/bin/cmake/mac/share/cmake-3.15/Modules/CMakeCXXCompilerABI.cpp"
Apple LLVM version 10.0.0 (clang-1000.10.44.4)
Target: x86_64-apple-darwin17.7.0
Thread model: posix
InstalledDir: /Library/Developer/CommandLineTools/usr/bin
clang: warning: -Wl,-v: 'linker' input unused [-Wunused-command-line-argument]
 "/Library/Developer/CommandLineTools/usr/bin/clang" -cc1 -triple x86_64-apple-macosx10.13.0 -Wdeprecated-objc-isa-usage -Werror=deprecated-objc-isa-usage -emit-obj -mrelax-all -disable-free -disable-llvm-verifier -discard-value-names -main-file-name CMakeCXXCompilerABI.cpp -mrelocation-model pic -pic-level 2 -mthread-model posix -mdisable-fp-elim -fno-strict-return -masm-verbose -munwind-tables -target-cpu penryn -dwarf-column-info -debugger-tuning=lldb -target-linker-version 409.12 -v -coverage-notes-file /Users/stepanjakl/CLionProjects/aerofyt-clion-platformio-project/cmake-build-debug/CMakeFiles/CMakeTmp/CMakeFiles/cmTC_ab859.dir/CMakeCXXCompilerABI.cpp.gcno -resource-dir /Library/Developer/CommandLineTools/usr/lib/clang/10.0.0 -stdlib=libc++ -fdeprecated-macro -fdebug-compilation-dir /Users/stepanjakl/CLionProjects/aerofyt-clion-platformio-project/cmake-build-debug/CMakeFiles/CMakeTmp -ferror-limit 19 -fmessage-length 0 -stack-protector 1 -fblocks -fencode-extended-block-signature -fobjc-runtime=macosx-10.13.0 -fcxx-exceptions -fexceptions -fmax-type-align=16 -fdiagnostics-show-option -o CMakeFiles/cmTC_ab859.dir/CMakeCXXCompilerABI.cpp.o -x c++ /Users/stepanjakl/Library/Application Support/JetBrains/Toolbox/apps/CLion/ch-0/193.5233.56/CLion.app/Contents/bin/cmake/mac/share/cmake-3.15/Modules/CMakeCXXCompilerABI.cpp
clang -cc1 version 10.0.0 (clang-1000.10.44.4) default target x86_64-apple-darwin17.7.0
ignoring nonexistent directory "/usr/include/c++/v1"
#include "..." search starts here:
#include <...> search starts here:
 /Library/Developer/CommandLineTools/usr/include/c++/v1
 /usr/local/include
 /Library/Developer/CommandLineTools/usr/lib/clang/10.0.0/include
 /Library/Developer/CommandLineTools/usr/include
 /usr/include
 /System/Library/Frameworks (framework directory)
 /Library/Frameworks (framework directory)
End of search list.
Linking CXX executable cmTC_ab859
"/Users/stepanjakl/Library/Application Support/JetBrains/Toolbox/apps/CLion/ch-0/193.5233.56/CLion.app/Contents/bin/cmake/mac/bin/cmake" -E cmake_link_script CMakeFiles/cmTC_ab859.dir/link.txt --verbose=1
/Library/Developer/CommandLineTools/usr/bin/c++    -Wl,-search_paths_first -Wl,-headerpad_max_install_names  -v -Wl,-v CMakeFiles/cmTC_ab859.dir/CMakeCXXCompilerABI.cpp.o  -o cmTC_ab859 
Apple LLVM version 10.0.0 (clang-1000.10.44.4)
Target: x86_64-apple-darwin17.7.0
Thread model: posix
InstalledDir: /Library/Developer/CommandLineTools/usr/bin
 "/Library/Developer/CommandLineTools/usr/bin/ld" -demangle -lto_library /Library/Developer/CommandLineTools/usr/lib/libLTO.dylib -dynamic -arch x86_64 -macosx_version_min 10.13.0 -o cmTC_ab859 -search_paths_first -headerpad_max_install_names -v CMakeFiles/cmTC_ab859.dir/CMakeCXXCompilerABI.cpp.o -lc++ -lSystem /Library/Developer/CommandLineTools/usr/lib/clang/10.0.0/lib/darwin/libclang_rt.osx.a
@(#)PROGRAM:ld  PROJECT:ld64-409.12
BUILD 17:47:51 Sep 25 2018
configured to support archs: armv6 armv7 armv7s arm64 i386 x86_64 x86_64h armv6m armv7k armv7m armv7em
Library search paths:
	/usr/lib
	/usr/local/lib
Framework search paths:
	/Library/Frameworks/
	/System/Library/Frameworks/



Parsed CXX implicit include dir info from above output: rv=done
  found start of include info
  found start of implicit include info
    add: [/Library/Developer/CommandLineTools/usr/include/c++/v1]
    add: [/usr/local/include]
    add: [/Library/Developer/CommandLineTools/usr/lib/clang/10.0.0/include]
    add: [/Library/Developer/CommandLineTools/usr/include]
    add: [/usr/include]
  end of search list found
  collapse include dir [/Library/Developer/CommandLineTools/usr/include/c++/v1] ==> [/Library/Developer/CommandLineTools/usr/include/c++/v1]
  collapse include dir [/usr/local/include] ==> [/usr/local/include]
  collapse include dir [/Library/Developer/CommandLineTools/usr/lib/clang/10.0.0/include] ==> [/Library/Developer/CommandLineTools/usr/lib/clang/10.0.0/include]
  collapse include dir [/Library/Developer/CommandLineTools/usr/include] ==> [/Library/Developer/CommandLineTools/usr/include]
  collapse include dir [/usr/include] ==> [/usr/include]
  implicit include dirs: [/Library/Developer/CommandLineTools/usr/include/c++/v1;/usr/local/include;/Library/Developer/CommandLineTools/usr/lib/clang/10.0.0/include;/Library/Developer/CommandLineTools/usr/include;/usr/include]


Parsed CXX implicit link information from above output:
  link line regex: [^( *|.*[/\])(ld|CMAKE_LINK_STARTFILE-NOTFOUND|([^/\]+-)?ld|collect2)[^/\]*( |$)]
  ignore line: [Change Dir: /Users/stepanjakl/CLionProjects/aerofyt-clion-platformio-project/cmake-build-debug/CMakeFiles/CMakeTmp]
  ignore line: []
  ignore line: [Run Build Command(s):/usr/bin/make cmTC_ab859/fast && /Library/Developer/CommandLineTools/usr/bin/make -f CMakeFiles/cmTC_ab859.dir/build.make CMakeFiles/cmTC_ab859.dir/build]
  ignore line: [Building CXX object CMakeFiles/cmTC_ab859.dir/CMakeCXXCompilerABI.cpp.o]
  ignore line: [/Library/Developer/CommandLineTools/usr/bin/c++    -v -Wl,-v -o CMakeFiles/cmTC_ab859.dir/CMakeCXXCompilerABI.cpp.o -c "/Users/stepanjakl/Library/Application Support/JetBrains/Toolbox/apps/CLion/ch-0/193.5233.56/CLion.app/Contents/bin/cmake/mac/share/cmake-3.15/Modules/CMakeCXXCompilerABI.cpp"]
  ignore line: [Apple LLVM version 10.0.0 (clang-1000.10.44.4)]
  ignore line: [Target: x86_64-apple-darwin17.7.0]
  ignore line: [Thread model: posix]
  ignore line: [InstalledDir: /Library/Developer/CommandLineTools/usr/bin]
  ignore line: [clang: warning: -Wl,-v: 'linker' input unused [-Wunused-command-line-argument]]
  ignore line: [ "/Library/Developer/CommandLineTools/usr/bin/clang" -cc1 -triple x86_64-apple-macosx10.13.0 -Wdeprecated-objc-isa-usage -Werror=deprecated-objc-isa-usage -emit-obj -mrelax-all -disable-free -disable-llvm-verifier -discard-value-names -main-file-name CMakeCXXCompilerABI.cpp -mrelocation-model pic -pic-level 2 -mthread-model posix -mdisable-fp-elim -fno-strict-return -masm-verbose -munwind-tables -target-cpu penryn -dwarf-column-info -debugger-tuning=lldb -target-linker-version 409.12 -v -coverage-notes-file /Users/stepanjakl/CLionProjects/aerofyt-clion-platformio-project/cmake-build-debug/CMakeFiles/CMakeTmp/CMakeFiles/cmTC_ab859.dir/CMakeCXXCompilerABI.cpp.gcno -resource-dir /Library/Developer/CommandLineTools/usr/lib/clang/10.0.0 -stdlib=libc++ -fdeprecated-macro -fdebug-compilation-dir /Users/stepanjakl/CLionProjects/aerofyt-clion-platformio-project/cmake-build-debug/CMakeFiles/CMakeTmp -ferror-limit 19 -fmessage-length 0 -stack-protector 1 -fblocks -fencode-extended-block-signature -fobjc-runtime=macosx-10.13.0 -fcxx-exceptions -fexceptions -fmax-type-align=16 -fdiagnostics-show-option -o CMakeFiles/cmTC_ab859.dir/CMakeCXXCompilerABI.cpp.o -x c++ /Users/stepanjakl/Library/Application Support/JetBrains/Toolbox/apps/CLion/ch-0/193.5233.56/CLion.app/Contents/bin/cmake/mac/share/cmake-3.15/Modules/CMakeCXXCompilerABI.cpp]
  ignore line: [clang -cc1 version 10.0.0 (clang-1000.10.44.4) default target x86_64-apple-darwin17.7.0]
  ignore line: [ignoring nonexistent directory "/usr/include/c++/v1"]
  ignore line: [#include "..." search starts here:]
  ignore line: [#include <...> search starts here:]
  ignore line: [ /Library/Developer/CommandLineTools/usr/include/c++/v1]
  ignore line: [ /usr/local/include]
  ignore line: [ /Library/Developer/CommandLineTools/usr/lib/clang/10.0.0/include]
  ignore line: [ /Library/Developer/CommandLineTools/usr/include]
  ignore line: [ /usr/include]
  ignore line: [ /System/Library/Frameworks (framework directory)]
  ignore line: [ /Library/Frameworks (framework directory)]
  ignore line: [End of search list.]
  ignore line: [Linking CXX executable cmTC_ab859]
  ignore line: ["/Users/stepanjakl/Library/Application Support/JetBrains/Toolbox/apps/CLion/ch-0/193.5233.56/CLion.app/Contents/bin/cmake/mac/bin/cmake" -E cmake_link_script CMakeFiles/cmTC_ab859.dir/link.txt --verbose=1]
  ignore line: [/Library/Developer/CommandLineTools/usr/bin/c++    -Wl,-search_paths_first -Wl,-headerpad_max_install_names  -v -Wl,-v CMakeFiles/cmTC_ab859.dir/CMakeCXXCompilerABI.cpp.o  -o cmTC_ab859 ]
  ignore line: [Apple LLVM version 10.0.0 (clang-1000.10.44.4)]
  ignore line: [Target: x86_64-apple-darwin17.7.0]
  ignore line: [Thread model: posix]
  ignore line: [InstalledDir: /Library/Developer/CommandLineTools/usr/bin]
  link line: [ "/Library/Developer/CommandLineTools/usr/bin/ld" -demangle -lto_library /Library/Developer/CommandLineTools/usr/lib/libLTO.dylib -dynamic -arch x86_64 -macosx_version_min 10.13.0 -o cmTC_ab859 -search_paths_first -headerpad_max_install_names -v CMakeFiles/cmTC_ab859.dir/CMakeCXXCompilerABI.cpp.o -lc++ -lSystem /Library/Developer/CommandLineTools/usr/lib/clang/10.0.0/lib/darwin/libclang_rt.osx.a]
    arg [/Library/Developer/CommandLineTools/usr/bin/ld] ==> ignore
    arg [-demangle] ==> ignore
    arg [-lto_library] ==> ignore, skip following value
    arg [/Library/Developer/CommandLineTools/usr/lib/libLTO.dylib] ==> skip value of -lto_library
    arg [-dynamic] ==> ignore
    arg [-arch] ==> ignore
    arg [x86_64] ==> ignore
    arg [-macosx_version_min] ==> ignore
    arg [10.13.0] ==> ignore
    arg [-o] ==> ignore
    arg [cmTC_ab859] ==> ignore
    arg [-search_paths_first] ==> ignore
    arg [-headerpad_max_install_names] ==> ignore
    arg [-v] ==> ignore
    arg [CMakeFiles/cmTC_ab859.dir/CMakeCXXCompilerABI.cpp.o] ==> ignore
    arg [-lc++] ==> lib [c++]
    arg [-lSystem] ==> lib [System]
    arg [/Library/Developer/CommandLineTools/usr/lib/clang/10.0.0/lib/darwin/libclang_rt.osx.a] ==> lib [/Library/Developer/CommandLineTools/usr/lib/clang/10.0.0/lib/darwin/libclang_rt.osx.a]
  Library search paths: [;/usr/lib;/usr/local/lib]
  Framework search paths: [;/Library/Frameworks/;/System/Library/Frameworks/]
  remove lib [System]
  remove lib [/Library/Developer/CommandLineTools/usr/lib/clang/10.0.0/lib/darwin/libclang_rt.osx.a]
  collapse library dir [/usr/lib] ==> [/usr/lib]
  collapse library dir [/usr/local/lib] ==> [/usr/local/lib]
  collapse framework dir [/Library/Frameworks/] ==> [/Library/Frameworks]
  collapse framework dir [/System/Library/Frameworks/] ==> [/System/Library/Frameworks]
  implicit libs: [c++]
  implicit dirs: [/usr/lib;/usr/local/lib]
  implicit fwks: [/Library/Frameworks;/System/Library/Frameworks]


